0	0	0	0	0	0	0	0	0	2	0	34	172	116	90	139	153	1	0	2	0	0	1	0	0	0	0	0	0	0	0	0	0	0	1	1	2	0	0	129	210	227	210	229	231	78	0	0	0	1	0	0	1	0	0	0	0	0	0	0	0	0	0	0	0	10	80	185	200	157	100	159	202	209	89	15	0	0	0	2	1	0	0	0	0	0	0	0	0	0	0	0	113	210	190	211	211	184	75	206	188	208	193	200	105	0	0	0	0	0	0	0	0	0	0	0	4	0	3	215	220	212	170	201	206	238	204	246	201	206	161	199	223	163	0	0	3	0	0	0	0	0	0	1	0	0	171	161	188	206	168	210	217	228	184	243	216	237	145	213	204	222	82	0	0	0	0	0	0	0	0	0	0	111	190	182	159	190	95	132	118	150	111	140	100	138	136	163	173	177	199	48	0	0	0	0	0	0	0	0	0	190	184	220	198	236	138	229	227	235	141	218	223	233	153	211	172	190	220	157	0	0	0	0	0	0	0	0	60	130	172	211	192	195	176	163	148	216	127	208	147	159	157	230	215	205	213	197	0	0	0	0	0	0	0	0	162	158	164	154	208	196	235	96	158	253	158	247	143	129	232	197	231	187	165	158	38	0	0	0	0	0	0	0	196	156	209	216	174	162	213	180	159	164	90	155	161	159	207	197	184	199	215	194	119	0	0	0	0	0	0	12	231	165	207	186	213	193	223	172	75	232	139	223	78	160	229	200	206	219	212	174	175	0	0	0	0	0	0	55	181	143	255	113	138	234	150	137	227	204	154	193	228	154	153	226	182	105	230	181	192	33	0	0	0	0	0	97	173	148	183	0	170	245	155	230	211	238	155	226	219	234	147	236	233	0	195	164	134	76	0	0	0	0	0	122	183	195	220	0	162	155	82	153	126	159	89	147	128	150	85	153	165	0	197	206	184	124	0	0	0	0	0	115	193	172	205	0	225	236	154	227	194	220	154	207	201	210	161	229	252	0	196	189	171	118	0	0	0	0	0	113	189	149	217	0	200	209	119	209	180	213	128	206	189	188	139	201	229	0	175	194	193	129	0	0	0	0	0	21	173	142	226	0	209	240	147	236	209	238	143	225	218	218	161	237	242	0	185	141	154	54	0	0	0	0	0	0	212	178	189	60	102	156	78	155	119	154	127	160	132	147	83	160	138	53	249	168	217	29	0	0	0	0	0	0	142	205	151	159	190	239	138	231	196	220	149	207	199	202	150	235	204	208	187	170	210	0	0	0	0	0	0	0	24	226	164	128	205	204	121	212	184	216	119	201	189	191	136	214	191	198	139	213	106	0	0	0	0	0	0	0	0	159	156	86	227	220	157	239	202	235	161	230	214	221	153	226	220	186	133	175	0	0	0	0	0	0	0	1	0	38	224	179	197	160	89	170	120	166	99	147	134	144	111	148	204	170	206	143	0	0	0	0	0	0	0	1	0	0	159	190	181	196	159	225	201	221	131	215	206	210	141	247	206	156	193	39	0	1	0	0	0	0	0	1	1	0	58	219	182	181	189	199	197	196	121	208	190	197	148	208	170	186	218	0	0	1	0	0	0	0	0	0	3	0	0	171	146	165	208	191	199	185	135	226	202	206	163	206	180	172	53	0	0	0	0	0	0	0	0	0	0	1	0	26	205	162	224	154	183	164	132	175	161	160	208	212	206	125	0	0	2	0	0	0	0	0	0	0	0	0	0	0	41	45	76	64	80	112	132	93	95	102	98	86	45	0	0	0	0	0	0	0
0	0	0	0	0	0	0	13	185	151	156	175	119	156	127	135	162	154	143	127	0	0	0	0	0	0	0	0	0	0	0	0	0	0	0	42	209	135	154	255	201	172	236	119	124	156	138	138	13	0	0	0	0	0	0	0	0	0	0	0	0	0	0	69	164	87	148	108	138	138	132	244	148	98	114	114	42	0	0	0	0	0	0	0	0	0	0	0	0	0	0	98	148	92	111	100	82	138	66	116	193	66	98	92	42	0	0	0	0	0	0	0	0	0	0	0	0	0	0	146	122	87	95	100	108	114	103	90	53	140	151	162	151	0	0	0	0	0	0	0	0	0	0	0	0	0	0	140	114	79	108	111	111	100	114	116	82	138	183	170	138	0	0	0	0	0	0	0	0	0	0	0	0	0	0	148	106	82	100	92	106	106	92	92	90	92	71	92	106	0	0	0	0	0	0	0	0	0	0	0	0	0	0	148	108	85	90	98	106	106	100	98	98	108	90	159	220	0	0	0	0	0	0	0	0	0	0	0	0	0	0	135	127	90	85	98	100	106	116	116	108	98	108	71	77	0	0	0	0	0	0	0	0	0	0	0	0	0	0	124	122	98	87	87	100	114	124	106	114	98	92	100	63	0	0	0	0	0	0	0	0	0	0	0	0	0	0	98	135	82	87	79	87	164	151	116	92	92	58	98	74	0	0	0	0	0	0	0	0	0	0	0	0	0	0	61	143	87	90	85	82	106	193	154	90	95	79	98	58	0	0	0	0	0	0	0	0	0	0	0	0	0	0	50	159	92	87	79	95	0	156	196	95	95	79	106	45	0	0	0	0	0	0	0	0	0	0	0	0	0	0	29	159	98	95	82	92	0	135	196	90	90	87	111	45	0	0	0	0	0	0	0	0	0	0	0	0	0	0	18	167	95	95	85	111	0	108	196	114	98	98	106	34	0	0	0	0	0	0	0	0	0	0	0	0	0	0	2	172	111	90	90	124	0	74	196	114	95	82	124	23	0	0	0	0	0	0	0	0	0	0	0	0	0	0	0	170	114	82	92	124	0	45	204	132	100	85	130	10	0	0	0	0	0	0	0	0	0	0	0	0	0	0	0	146	130	119	119	119	0	31	196	143	116	95	127	2	0	0	0	0	0	0	0	0	0	0	0	0	0	0	0	140	130	119	114	106	0	10	191	151	98	92	132	0	0	0	0	0	0	0	0	0	0	0	0	0	0	0	0	140	127	119	124	103	0	0	193	170	114	111	119	0	0	0	0	0	0	0	0	0	0	0	0	0	0	0	0	164	119	103	114	114	0	0	188	164	87	98	119	0	0	0	0	0	0	0	0	0	0	0	0	0	0	0	0	162	114	92	111	106	0	0	185	151	92	114	108	0	0	0	0	0	0	0	0	0	0	0	0	0	0	0	0	159	122	106	111	106	0	0	183	154	98	122	103	0	0	0	0	0	0	0	0	0	0	0	0	0	0	0	0	162	127	106	119	103	0	0	180	162	79	103	106	0	0	0	0	0	0	0	0	0	0	0	0	0	0	0	0	156	124	108	116	103	0	0	167	146	103	122	119	0	0	0	0	0	0	0	0	0	0	0	0	0	0	0	0	135	159	130	143	95	0	0	164	193	135	156	90	0	0	0	0	0	0	0	0	0	0	0	0	0	0	0	0	140	175	138	148	85	0	0	188	191	148	154	69	0	0	0	0	0	0	0	0	0	0	0	0	0	0	0	0	124	167	143	143	61	0	0	146	188	154	164	45	0	0	0	0	0	0	0	0
0	0	0	0	0	1	0	0	0	0	67	77	46	38	39	46	116	92	0	0	0	0	1	0	0	0	0	0	0	0	0	0	0	0	0	100	162	34	123	178	153	161	166	190	210	174	223	147	87	0	0	0	0	0	0	0	0	0	0	0	0	74	192	125	175	115	81	125	111	119	146	101	109	163	135	108	136	164	45	0	0	0	0	0	0	0	0	0	21	223	120	120	177	227	125	153	82	108	131	161	173	129	1	106	144	224	147	0	0	0	0	0	0	0	0	0	85	137	130	166	131	225	140	154	69	2	149	168	144	183	4	59	197	154	115	87	0	0	0	0	0	0	0	0	58	144	63	108	150	90	57	148	95	30	143	51	208	187	0	0	71	153	145	51	0	0	0	0	0	0	0	0	0	17	91	164	93	77	148	168	137	249	166	206	250	183	71	44	108	143	54	0	0	0	0	0	0	0	0	0	0	0	0	76	106	137	139	2	7	177	227	223	171	157	204	248	205	5	0	0	0	0	0	0	0	0	0	0	0	3	0	1	133	126	0	21	180	229	33	39	140	146	110	181	10	0	4	0	0	0	0	0	0	0	0	0	0	0	0	11	147	115	144	213	196	161	102	68	64	109	101	197	20	0	2	0	0	0	0	0	0	0	0	0	0	2	0	2	171	128	124	99	137	167	114	64	104	109	149	205	1	0	1	0	0	0	0	0	0	0	0	0	0	1	0	0	202	175	185	121	118	95	93	70	136	189	97	88	0	0	0	0	0	0	0	0	0	0	0	0	0	1	0	0	170	178	78	137	128	78	76	60	154	135	161	143	0	0	1	0	0	0	0	0	0	0	0	0	0	1	0	0	174	161	45	224	0	101	79	38	69	168	189	148	0	0	0	0	0	0	0	0	0	0	0	0	0	1	0	0	210	158	50	191	67	144	72	67	65	148	166	97	0	0	2	0	0	0	0	0	0	0	0	0	0	0	0	0	176	123	106	123	153	95	120	159	156	147	163	140	0	0	2	0	0	0	0	0	0	0	0	0	0	0	0	0	167	126	148	105	83	123	146	135	127	43	158	211	3	0	2	0	0	0	0	0	0	0	0	0	0	0	0	0	219	129	116	123	69	116	131	119	51	1	116	155	5	0	2	0	0	0	0	0	0	0	0	0	0	1	0	19	105	10	62	175	120	74	111	154	101	0	87	133	6	0	1	0	0	0	0	0	0	0	0	0	0	2	0	33	130	32	15	87	187	181	133	118	173	83	30	156	17	0	3	0	0	0	0	0	0	0	0	0	0	3	0	41	145	24	39	5	38	78	87	14	134	100	34	222	57	0	3	0	0	0	0	0	0	0	0	0	0	2	0	41	171	0	0	25	17	4	22	137	125	108	71	180	72	0	2	0	0	0	0	0	0	0	0	0	0	1	0	16	184	174	255	186	161	231	213	221	78	102	127	131	92	0	0	0	0	0	0	0	0	0	0	0	0	2	0	10	171	204	213	96	91	125	195	186	74	73	60	128	90	0	1	0	0	0	0	0	0	0	0	0	0	1	0	3	154	143	183	163	115	161	157	114	88	99	74	145	43	0	2	0	0	0	0	0	0	0	0	0	0	1	0	0	212	159	168	175	135	98	80	115	93	108	114	135	19	0	5	0	0	0	0	0	0	0	0	0	0	0	0	0	126	110	95	87	93	108	111	108	109	108	102	79	0	0	2	0	0	0	0	0	0	0	0	0	0	0	0	0	92	118	93	78	62	51	35	14	0	0	0	0	0	1	0	0	0	0	0	0
0	0	0	0	0	0	0	0	0	1	0	0	0	0	0	0	0	0	1	1	0	0	0	0	0	0	0	0	0	0	0	0	0	0	1	1	3	1	0	106	167	159	162	162	190	0	0	1	1	0	0	0	0	0	0	0	0	0	0	0	1	1	2	1	0	0	29	199	201	180	211	187	192	102	0	0	0	3	0	0	0	0	0	0	0	0	0	0	0	2	0	0	34	131	178	191	177	0	0	129	186	178	163	68	0	0	0	0	0	0	0	0	0	0	0	0	2	0	8	168	178	185	171	209	255	115	117	237	202	171	181	186	214	52	0	0	0	0	0	0	0	0	0	0	0	13	183	180	167	162	171	164	176	224	202	202	175	171	170	170	175	180	59	0	0	0	0	0	0	0	0	0	0	167	183	159	170	170	167	171	163	170	167	162	171	171	172	175	167	183	183	0	0	0	0	0	0	0	0	0	17	213	173	175	161	171	171	170	171	172	171	171	173	172	173	166	173	176	210	10	0	0	0	0	0	0	0	0	58	182	170	186	164	163	167	162	164	167	167	170	168	168	168	173	190	173	182	52	0	0	0	0	0	0	0	0	109	181	171	191	204	168	164	164	164	164	166	167	167	167	168	197	182	170	182	102	0	0	0	0	0	0	0	0	158	187	181	196	197	173	163	164	164	164	164	167	167	170	175	183	195	180	194	172	0	0	0	0	0	0	0	0	0	53	116	131	164	183	162	166	164	164	164	166	167	167	177	186	126	105	62	10	0	0	0	0	0	0	0	0	0	0	0	0	137	194	157	164	164	164	164	164	166	168	176	194	0	0	0	0	0	0	0	0	0	0	0	0	1	2	1	0	101	206	156	166	163	164	164	164	166	163	173	194	0	0	1	2	0	0	0	0	0	0	0	0	0	0	1	0	67	183	158	167	164	164	164	164	164	159	178	185	0	0	0	0	0	0	0	0	0	0	0	0	0	0	6	0	67	182	162	166	166	164	164	164	167	163	180	182	0	0	0	0	0	0	0	0	0	0	0	0	0	0	5	0	71	182	162	166	164	166	166	166	168	162	178	177	0	0	0	0	0	0	0	0	0	0	0	0	0	0	5	0	74	180	163	166	164	166	166	166	167	163	177	171	0	0	0	0	0	0	0	0	0	0	0	0	0	0	3	0	97	181	162	164	163	164	166	166	167	164	178	162	0	0	0	0	0	0	0	0	0	0	0	0	0	0	3	0	117	182	166	168	168	168	168	167	168	166	177	158	0	0	1	0	0	0	0	0	0	0	0	0	0	0	3	0	120	180	163	167	167	167	167	168	170	163	177	159	0	1	0	0	0	0	0	0	0	0	0	0	0	0	2	0	117	177	163	167	168	167	167	167	168	164	180	140	0	1	0	0	0	0	0	0	0	0	0	0	0	0	0	0	148	177	164	168	168	168	170	170	170	162	178	152	0	0	0	0	0	0	0	0	0	0	0	0	0	2	0	0	167	177	168	170	170	171	171	172	170	166	175	172	0	0	1	0	0	0	0	0	0	0	0	0	0	2	0	0	173	177	170	171	171	171	171	171	171	171	175	185	0	0	1	0	0	0	0	0	0	0	0	0	0	1	0	0	156	175	168	168	167	166	164	164	167	168	173	154	0	0	1	0	0	0	0	0	0	0	0	0	1	1	0	1	215	183	180	199	195	195	194	195	196	178	183	214	0	1	1	0	0	0	0	0	0	0	0	0	1	0	0	0	48	78	90	96	106	115	117	117	116	95	71	41	0	0	1	0	0	0	0	0
0	0	0	0	0	0	0	0	100	169	181	160	139	124	115	117	118	175	218	192	73	0	0	0	0	0	0	0	0	0	0	0	0	0	86	208	194	162	213	192	202	177	41	255	198	228	209	188	231	237	83	0	0	0	0	0	0	0	0	2	0	64	162	141	151	148	156	208	214	182	80	230	198	199	161	181	182	186	224	79	0	1	0	0	0	0	0	0	0	173	138	134	150	157	153	144	176	183	224	199	183	149	166	182	202	185	206	217	0	0	0	0	0	0	0	0	78	148	141	137	128	162	150	157	139	144	141	150	139	151	175	181	215	193	204	251	111	0	0	0	0	0	0	0	144	139	154	122	110	136	136	167	143	167	149	160	155	160	183	179	221	201	213	228	233	0	0	0	0	0	0	37	144	135	162	147	116	124	138	161	149	151	149	138	148	150	183	202	228	198	220	213	225	37	0	0	0	0	0	104	153	135	157	162	104	106	130	151	151	135	141	141	122	139	182	211	206	220	214	208	234	145	0	0	0	0	0	0	86	167	149	166	137	134	135	166	149	156	151	150	153	155	171	218	220	221	214	234	134	0	0	0	0	0	0	0	0	78	177	192	144	130	129	158	160	153	150	128	143	142	192	206	215	234	249	67	0	0	0	0	0	0	0	0	0	0	20	196	179	125	135	180	139	155	144	136	145	143	205	199	226	194	0	0	0	0	0	0	0	0	0	0	0	0	0	0	155	141	139	168	142	166	147	136	148	118	199	209	213	0	0	2	2	0	0	0	0	0	0	0	0	0	0	0	99	147	131	183	145	173	128	134	169	119	198	221	156	0	0	0	0	0	0	0	0	0	0	0	0	0	0	0	118	162	139	189	144	181	130	135	167	126	194	211	124	0	0	0	0	0	0	0	0	0	0	0	0	0	0	0	130	149	145	180	135	193	139	126	192	124	193	217	138	0	0	0	0	0	0	0	0	0	0	0	0	0	0	0	142	149	149	196	138	196	134	131	190	120	188	219	183	0	0	0	1	0	0	0	0	0	0	0	0	1	0	0	155	129	154	195	123	202	153	123	194	128	185	218	179	0	0	1	0	0	0	0	0	0	0	0	0	2	0	5	174	124	171	187	142	198	131	122	213	126	167	214	201	5	0	4	0	0	0	0	0	0	0	0	0	3	0	33	183	122	170	199	126	193	155	119	209	138	163	207	221	40	0	4	1	0	0	0	0	0	0	0	0	3	0	80	182	118	180	201	130	202	171	124	208	153	151	196	228	90	0	2	0	0	0	0	0	0	0	0	0	0	0	111	157	129	187	192	135	192	177	123	207	151	153	193	234	144	0	0	0	0	0	0	0	0	0	0	0	0	0	139	155	129	194	192	120	194	188	124	207	160	153	192	221	186	0	0	0	0	0	0	0	0	0	0	2	0	0	170	166	120	198	198	136	200	181	109	201	176	160	182	214	190	0	0	1	0	0	0	0	0	0	0	3	0	4	181	158	134	188	200	126	201	171	120	194	181	161	190	201	213	0	0	4	0	0	0	0	0	0	0	3	0	15	160	149	145	185	183	130	207	153	123	190	161	167	171	194	221	30	0	7	0	0	0	0	0	0	0	4	0	30	164	143	205	222	181	170	198	183	204	206	155	167	183	206	226	60	0	7	0	0	0	0	0	0	0	2	0	0	214	221	220	214	239	222	230	202	211	218	243	232	219	230	201	0	0	2	0	0	0	0	0	0	0	0	0	0	0	55	116	179	193	200	211	183	193	196	193	194	160	103	0	0	0	0	0	0	0
0	0	0	0	0	0	0	0	0	0	0	0	0	0	0	0	0	0	0	0	0	0	0	0	0	0	0	0	0	0	0	0	0	0	0	0	0	0	0	0	0	0	0	0	0	0	0	0	0	0	0	0	0	0	0	0	0	0	0	0	0	0	0	0	0	0	0	0	0	0	0	0	0	0	0	0	0	0	0	0	0	0	0	0	0	0	0	0	0	0	0	0	0	0	0	0	0	0	0	0	0	0	0	0	0	0	0	0	0	0	0	0	0	0	0	0	0	0	0	0	0	0	0	0	0	0	0	0	0	0	0	0	0	0	0	0	0	0	0	0	0	0	0	0	0	0	0	0	0	0	0	0	0	0	0	0	0	0	0	0	0	0	0	0	0	0	0	0	0	0	0	0	0	0	0	0	0	0	0	0	0	0	0	0	0	0	0	0	0	0	0	0	0	0	0	0	0	0	0	0	0	0	0	0	0	0	0	0	0	0	0	0	0	0	0	0	0	0	0	0	0	0	0	0	0	0	0	0	0	0	0	0	0	0	0	2	0	0	15	0	18	113	0	0	0	0	0	0	0	0	0	0	0	0	0	0	0	0	0	0	0	2	0	0	7	12	66	133	33	85	20	0	0	2	5	2	0	0	0	0	0	0	0	0	0	0	0	0	0	0	0	46	54	128	36	28	121	97	95	15	0	0	0	0	0	85	255	2	0	0	0	0	0	0	2	0	0	36	85	61	126	41	146	180	244	216	206	180	115	85	74	110	177	185	213	118	0	0	0	0	0	0	0	10	100	56	110	36	121	177	198	182	149	164	193	188	180	175	188	190	157	144	188	64	0	0	0	0	7	0	59	92	82	115	133	149	146	136	121	118	139	126	115	154	151	136	139	126	128	149	208	128	0	36	59	51	41	123	162	139	141	121	123	97	118	133	159	133	105	118	105	85	105	100	92	103	133	151	180	136	5	48	66	41	79	146	92	92	82	95	105	131	133	133	144	133	126	123	128	141	128	126	123	133	157	175	213	200	48	43	25	23	51	54	38	61	72	82	82	90	90	79	87	100	108	110	113	113	110	118	110	92	90	95	108	92	54	110	95	74	54	64	64	43	46	48	43	48	64	66	72	74	72	72	69	69	72	69	69	72	77	66	46	25	0	36	103	133	146	136	113	108	113	105	90	85	87	82	82	90	97	100	92	92	92	92	95	87	90	90	92	74	0	0	0	0	20	51	87	100	105	108	113	110	103	105	100	95	95	100	100	100	100	100	100	95	90	82	77	43	0	0	0	0	0	0	0	0	0	0	0	0	0	0	0	0	0	0	0	0	0	0	0	0	0	0	0	0	0	0	0	0	0	0	0	0	0	0	0	0	0	0	0	0	0	0	0	0	0	0	0	0	0	0	0	0	0	0	0	0	0	0	0	0	0	0	0	0	0	0	0	0	0	0	0	0	0	0	0	0	0	0	0	0	0	0	0	0	0	0	0	0	0	0	0	0	0	0	0	0	0	0	0	0	0	0	0	0	0	0	0	0	0	0	0	0	0	0	0	0	0	0	0	0	0	0	0	0	0	0	0	0	0	0	0	0	0	0	0	0	0	0	0	0	0	0	0	0	0	0	0	0	0	0	0	0	0	0	0	0	0	0	0	0	0	0	0	0	0	0	0	0	0	0	0	0	0	0	0	0	0	0	0	0	0	0	0	0	0	0	0	0	0	0	0	0	0	0	0	0	0	0	0	0	0	0	0	0	0	0	0	0	0	0	0	0	0	0	0	0	0	0	0	0
0	0	0	0	0	0	0	0	0	0	0	0	0	0	0	0	0	0	0	0	0	0	0	0	0	0	0	0	0	0	0	0	0	0	0	0	0	0	0	0	0	0	0	0	0	0	0	0	0	0	0	0	0	0	0	0	0	0	0	0	0	0	0	0	0	0	0	0	0	0	0	0	0	0	0	0	0	0	0	0	0	0	0	0	0	0	0	0	0	0	0	0	0	0	0	0	0	0	0	0	0	0	0	0	0	0	0	0	0	0	0	0	0	0	0	0	0	0	0	0	0	0	0	0	0	0	0	0	0	0	0	0	0	0	0	0	0	0	0	0	0	0	0	0	0	0	0	0	0	0	0	0	0	0	0	0	0	0	0	0	0	0	0	0	0	0	0	0	0	0	0	0	0	0	0	0	0	0	0	0	0	0	0	0	0	0	0	0	0	0	0	0	0	0	0	0	0	0	0	0	0	0	0	0	0	0	0	0	0	0	0	0	0	0	0	0	0	0	0	0	0	0	0	0	0	0	0	0	0	0	0	0	0	0	0	0	0	3	0	1	136	153	139	177	151	151	136	116	108	69	27	0	0	0	0	0	0	0	0	0	0	0	0	0	0	4	0	14	200	202	202	245	197	227	231	202	223	213	233	14	0	0	0	0	0	0	0	0	1	0	0	0	0	6	0	16	184	197	192	235	190	236	255	195	192	189	174	42	0	1	1	0	0	0	0	0	0	0	0	0	0	0	0	0	1	18	26	146	215	213	108	177	227	189	177	92	0	1	0	0	1	4	0	0	41	8	0	1	1	0	0	0	0	0	0	0	0	0	51	177	187	197	148	4	0	0	0	0	1	0	0	60	134	51	0	1	0	0	0	0	1	0	0	0	8	164	177	123	212	126	0	0	0	3	4	1	0	67	106	111	69	97	11	0	1	0	0	0	0	0	0	65	213	192	146	187	106	0	0	0	0	0	0	0	0	95	78	47	37	90	51	0	0	0	0	0	0	0	80	213	187	176	222	148	0	0	0	0	46	93	32	18	0	24	141	123	136	156	205	31	0	0	0	0	0	65	217	199	185	190	208	49	36	78	67	0	103	197	166	161	149	164	205	205	210	200	207	161	139	162	151	157	156	199	195	199	204	199	197	172	185	182	179	67	42	136	164	180	207	194	171	161	194	187	184	195	220	225	223	217	200	194	184	210	217	199	184	212	174	161	164	78	0	0	16	31	77	118	139	138	144	148	138	113	97	80	69	75	78	74	90	93	90	87	74	60	49	59	29	0	0	0	0	0	0	0	0	0	0	0	0	0	0	0	0	0	0	0	0	0	0	0	0	0	0	0	0	0	0	0	0	0	0	0	0	0	0	0	0	0	0	0	0	0	0	0	0	0	0	0	0	0	0	0	0	0	0	0	0	0	0	0	0	0	0	0	0	0	0	0	0	0	0	0	0	0	0	0	0	0	0	0	0	0	0	0	0	0	0	0	0	0	0	0	0	0	0	0	0	0	0	0	0	0	0	0	0	0	0	0	0	0	0	0	0	0	0	0	0	0	0	0	0	0	0	0	0	0	0	0	0	0	0	0	0	0	0	0	0	0	0	0	0	0	0	0	0	0	0	0	0	0	0	0	0	0	0	0	0	0	0	0	0	0	0	0	0	0	0	0	0	0	0	0	0	0	0	0	0	0	0	0	0	0	0	0	0	0	0	0	0	0	0	0	0	0	0	0	0	0	0	0	0	0	0	0	0	0	0	0	0	0	0	0	0	0	0	0	0	0	0	0	0	0
0	0	0	0	0	0	0	7	31	63	0	0	0	0	0	0	0	0	0	69	14	0	0	0	0	0	0	0	0	0	0	0	0	0	58	105	78	165	199	57	4	0	0	0	0	77	184	157	93	103	31	0	0	0	0	0	0	0	0	2	0	49	95	59	64	46	144	211	186	182	185	186	195	210	134	55	69	80	114	23	0	2	0	0	0	0	1	0	2	73	60	79	78	87	34	67	187	221	213	227	167	47	54	90	82	73	83	85	0	2	0	0	0	0	2	0	22	79	65	87	69	63	65	48	39	162	211	102	27	55	69	74	95	95	82	99	12	0	0	0	0	0	2	0	46	78	63	72	65	60	58	63	49	36	44	43	62	67	72	70	72	89	77	102	37	0	1	0	0	0	0	0	67	70	65	69	68	60	59	62	63	67	46	62	64	67	67	65	80	82	78	94	65	0	0	0	0	0	0	4	75	62	73	90	60	64	58	59	68	67	54	63	60	59	67	68	74	73	75	88	88	0	0	0	0	0	2	17	82	58	72	156	46	63	57	62	68	70	51	68	64	65	72	52	104	130	63	85	95	0	0	0	0	0	0	19	85	57	68	255	42	63	60	67	72	68	48	69	67	68	79	36	176	205	62	83	105	6	0	0	0	0	0	31	83	54	80	225	39	59	59	68	70	69	51	73	67	63	80	41	114	241	77	77	106	26	0	0	0	0	0	51	85	55	102	135	43	60	58	68	70	67	55	72	69	64	74	55	73	213	95	74	104	41	0	0	0	0	0	64	83	62	114	74	54	59	59	68	72	69	58	68	69	68	72	67	57	161	121	72	102	58	0	0	0	0	0	72	77	73	120	38	69	59	63	70	70	73	63	73	70	65	74	74	53	113	145	72	100	80	0	0	0	0	6	73	78	82	106	33	68	57	64	74	72	75	58	70	72	67	78	68	55	75	165	77	93	92	0	0	0	0	16	73	75	93	105	32	73	55	67	77	70	74	57	70	70	70	72	68	65	60	165	94	87	100	0	0	0	0	26	77	67	124	88	34	70	58	69	78	69	74	60	73	70	69	73	69	69	49	138	106	70	105	13	0	0	0	36	82	77	145	51	49	68	62	72	79	70	75	59	73	70	69	75	69	64	49	156	109	68	106	17	0	0	0	32	80	82	130	32	63	63	62	75	82	73	75	60	73	69	70	73	70	72	42	181	124	72	105	24	0	0	0	32	82	89	125	31	68	59	63	78	80	70	75	58	72	72	72	73	70	78	33	170	153	63	104	32	0	0	0	42	72	95	140	13	70	62	70	83	82	67	74	58	70	73	72	74	69	77	36	140	189	62	114	32	0	0	0	42	78	85	162	13	68	55	72	88	88	68	73	62	72	73	70	73	68	74	47	89	227	70	114	42	0	0	0	42	82	77	153	23	69	57	74	85	90	69	72	64	74	74	73	75	68	77	62	37	235	84	105	41	0	0	0	46	82	79	130	16	55	52	77	75	84	67	73	62	69	69	64	64	60	57	57	6	218	98	93	41	0	0	0	33	88	102	146	2	138	93	80	78	70	59	70	53	63	70	67	79	72	121	84	0	185	128	97	67	0	0	0	38	88	105	179	0	38	159	175	157	139	115	118	102	111	136	145	155	201	144	0	0	130	171	118	64	0	0	0	32	98	109	160	0	0	0	67	150	196	180	166	170	186	185	169	123	55	0	0	0	103	190	90	46	0	0	0	13	67	95	80	0	2	0	0	0	8	69	83	78	63	18	0	0	0	0	2	0	59	106	69	11	0
0	0	0	0	0	0	0	0	0	0	0	0	0	0	0	0	0	0	0	0	0	0	0	0	0	0	0	0	0	0	0	0	0	0	0	0	0	0	0	0	0	0	0	0	0	0	0	0	0	0	0	0	0	0	0	0	0	0	0	0	0	0	0	0	0	0	0	0	0	0	0	0	0	0	0	0	0	0	0	0	0	0	0	0	0	0	0	0	0	0	0	0	0	0	0	0	0	0	0	0	0	0	0	0	0	0	0	0	0	0	0	0	0	0	0	0	0	0	0	0	0	0	0	0	0	0	0	0	0	0	0	0	0	0	0	0	0	0	0	0	0	0	0	0	0	0	0	0	0	0	0	0	0	0	0	0	0	0	0	0	0	0	0	0	0	0	0	0	0	0	0	0	0	0	0	0	0	0	0	0	0	0	0	0	0	0	0	0	0	0	0	0	0	0	0	0	0	0	0	0	0	0	0	0	0	0	0	0	0	0	0	0	0	0	0	0	0	0	0	0	0	0	0	0	0	0	0	0	0	0	0	0	0	0	0	0	1	0	0	0	0	78	0	0	0	0	0	0	0	0	0	0	0	0	0	0	0	0	0	0	0	0	3	2	0	0	121	98	126	171	0	0	1	0	0	0	0	0	36	120	0	0	0	0	0	0	0	0	0	0	0	0	17	164	248	186	165	236	0	0	0	0	0	0	7	216	146	62	2	0	0	0	0	3	0	0	0	0	37	188	199	58	0	156	217	224	166	0	0	0	0	62	231	230	59	0	0	2	4	0	0	0	0	0	35	183	239	200	123	45	132	139	190	237	254	255	211	111	194	255	227	145	60	0	0	0	0	0	0	29	111	176	212	183	137	135	196	190	71	97	72	185	218	211	235	255	255	159	134	100	93	0	0	0	133	178	217	216	195	170	156	171	198	184	186	208	141	68	151	155	215	221	207	211	136	59	183	126	104	26	71	228	243	224	221	222	227	225	195	173	184	181	186	187	222	185	199	226	195	233	228	204	243	255	238	143	113	34	51	184	191	231	245	248	246	241	228	214	211	214	214	222	222	235	253	178	140	172	255	191	116	132	155	114	89	10	0	0	0	16	93	143	213	246	255	255	255	251	245	227	188	175	151	9	0	0	33	0	0	0	0	0	0	0	1	8	0	0	0	0	0	0	0	0	0	0	0	0	0	0	0	0	9	8	0	0	6	14	15	18	13	12	0	0	0	0	5	14	17	10	4	3	4	8	5	11	28	14	29	23	30	25	24	23	23	23	21	20	22	7	0	0	0	0	0	0	0	0	0	0	0	0	0	0	0	0	0	0	0	0	0	0	0	0	0	0	0	0	0	0	0	0	0	0	0	0	0	0	0	0	0	0	0	0	0	0	0	0	0	0	0	0	0	0	0	0	0	0	0	0	0	0	0	0	0	0	0	0	0	0	0	0	0	0	0	0	0	0	0	0	0	0	0	0	0	0	0	0	0	0	0	0	0	0	0	0	0	0	0	0	0	0	0	0	0	0	0	0	0	0	0	0	0	0	0	0	0	0	0	0	0	0	0	0	0	0	0	0	0	0	0	0	0	0	0	0	0	0	0	0	0	0	0	0	0	0	0	0	0	0	0	0	0	0	0	0	0	0	0	0	0	0	0	0	0	0	0	0	0	0	0	0	0	0	0	0	0	0	0	0	0	0	0	0	0	0	0	0	0	0	0	0	0	0	0	0	0	0	0	0	0	0	0	0	0	0	0	0	0	0	0	0	0	0	0	0	0	0	0	0	0	0	0	0
0	0	0	0	0	0	0	0	0	0	152	174	155	157	91	140	145	163	99	0	0	0	0	0	0	0	0	0	0	0	0	0	0	0	0	0	0	0	255	237	246	253	230	253	224	225	195	0	0	0	0	0	0	0	0	0	0	0	0	0	0	0	0	0	0	11	227	221	216	223	220	215	206	213	215	0	0	0	0	0	0	0	0	0	0	0	0	0	0	0	0	0	0	115	246	219	224	223	212	212	225	214	252	8	0	0	0	0	0	0	0	0	0	0	0	0	0	0	0	0	0	188	232	203	214	213	224	220	214	203	251	31	0	0	0	0	0	0	0	0	0	0	0	0	0	0	0	0	0	210	227	204	210	230	220	230	211	188	228	52	0	0	0	0	0	0	0	0	0	0	0	0	0	0	0	0	0	228	219	195	210	239	245	227	223	189	228	72	0	0	0	0	0	0	0	0	0	0	0	0	0	0	0	0	0	252	219	195	235	197	159	254	214	190	215	66	0	0	0	0	0	0	0	0	0	0	0	0	0	0	0	0	15	254	210	189	254	92	64	255	213	196	216	75	0	0	0	0	0	0	0	0	0	0	0	0	0	0	0	0	71	254	206	196	255	0	24	255	219	204	230	74	0	0	0	0	0	0	0	0	0	0	0	0	0	0	0	0	110	254	199	226	243	0	17	255	219	199	225	50	0	0	0	0	0	0	0	0	0	0	0	0	0	0	0	0	127	252	194	252	126	0	2	255	220	197	225	30	0	0	0	0	0	0	0	0	0	0	0	0	0	0	0	0	131	250	196	253	26	0	0	255	227	195	228	23	0	0	0	0	0	0	0	0	0	0	0	0	0	0	0	0	136	239	198	253	0	0	0	253	232	196	227	5	0	0	0	0	0	0	0	0	0	0	0	0	0	0	0	0	138	239	197	253	0	0	0	234	237	194	218	0	0	0	0	0	0	0	0	0	0	0	0	0	0	0	0	0	110	249	212	237	0	0	0	215	242	202	211	0	0	0	0	0	0	0	0	0	0	0	0	0	0	0	0	0	65	252	212	250	0	0	0	215	243	204	201	0	0	0	0	0	0	0	0	0	0	0	0	0	0	0	0	0	40	254	205	220	1	0	0	211	241	208	190	0	0	0	0	0	0	0	0	0	0	0	0	0	0	0	0	0	6	254	206	235	76	0	0	200	237	214	192	0	0	0	0	0	0	0	0	0	0	0	0	0	0	0	0	0	0	253	221	235	150	0	0	185	238	221	182	0	0	0	0	0	0	0	0	0	0	0	0	0	0	0	0	0	0	211	235	233	164	0	0	177	238	222	175	0	0	0	0	0	0	0	0	0	0	0	0	0	0	0	0	0	0	118	245	231	190	0	0	177	244	231	205	0	0	0	0	0	0	0	0	0	0	0	0	0	0	0	0	0	0	69	247	229	232	0	0	175	248	234	224	0	0	0	0	0	0	0	0	0	0	0	0	0	0	0	0	0	0	18	235	227	254	0	0	177	250	232	222	0	0	0	0	0	0	0	0	0	0	0	0	0	0	0	0	0	0	0	217	232	232	0	0	179	247	231	216	0	0	0	0	0	0	0	0	0	0	0	0	0	0	0	0	0	0	0	184	234	235	25	0	192	239	227	206	0	0	0	0	0	0	0	0	0	0	0	0	0	0	0	0	0	0	0	212	251	249	84	0	239	251	244	221	0	0	0	0	0	0	0	0	0	0	0	0	0	0	0	0	0	0	0	117	168	79	0	0	32	63	99	79	0	0	0	0	0	0	0	0	0
0	0	0	0	0	0	0	0	0	0	119	94	0	0	0	0	0	5	5	0	0	0	0	0	0	0	0	0	0	0	0	0	0	0	0	0	0	191	177	191	185	66	44	49	36	27	22	22	5	0	0	0	0	0	0	0	0	0	0	0	0	0	0	0	202	205	152	97	52	69	74	55	33	13	13	33	30	0	0	0	0	0	0	0	0	0	0	0	0	0	0	149	202	177	144	58	16	47	66	44	22	13	11	33	60	0	0	0	0	0	0	0	0	0	0	0	0	0	0	72	177	199	135	105	33	41	49	66	47	19	2	58	108	0	0	0	0	0	0	0	0	0	0	0	0	0	0	0	163	230	105	77	55	72	66	55	66	38	0	69	138	0	0	0	0	0	0	0	0	0	0	0	0	0	0	0	188	243	69	49	52	66	58	52	44	44	0	83	105	0	0	0	0	0	0	0	0	0	0	0	0	0	0	0	138	255	72	74	58	52	55	52	44	63	11	88	99	0	0	0	0	0	0	0	0	0	0	0	0	0	0	0	30	210	94	58	58	44	55	52	49	55	13	85	74	0	0	0	0	0	0	0	0	0	0	0	0	0	0	0	0	152	130	47	60	38	38	49	44	55	11	60	0	0	0	0	0	0	0	0	0	0	0	0	0	0	0	0	0	141	144	36	72	58	38	49	44	74	19	49	0	0	0	0	0	0	0	0	0	0	0	0	0	0	0	0	0	138	146	24	77	58	44	49	38	94	19	44	0	0	0	0	0	0	0	0	0	0	0	0	0	0	0	0	0	169	146	19	85	63	41	44	44	102	16	44	0	0	0	0	0	0	0	0	0	0	0	0	0	0	0	0	0	146	135	22	85	60	41	52	41	94	11	55	0	0	0	0	0	0	0	0	0	0	0	0	0	0	0	0	0	166	124	16	80	58	49	58	41	77	11	55	8	0	0	0	0	0	0	0	0	0	0	0	0	0	0	0	0	180	99	44	99	83	83	74	74	146	0	63	8	0	0	0	0	0	0	0	0	0	0	0	0	0	0	0	8	185	88	74	88	66	72	66	55	163	0	58	5	0	0	0	0	0	0	0	0	0	0	0	0	0	0	0	16	177	77	85	77	69	72	72	60	163	5	58	5	0	0	0	0	0	0	0	0	0	0	0	0	0	0	0	38	180	69	80	74	80	69	72	66	141	0	63	5	0	0	0	0	0	0	0	0	0	0	0	0	0	0	0	55	188	113	72	74	74	69	69	63	146	0	69	11	0	0	0	0	0	0	0	0	0	0	0	0	0	0	0	52	171	121	72	74	74	72	74	55	163	24	66	19	0	0	0	0	0	0	0	0	0	0	0	0	0	0	0	63	163	127	74	74	74	72	80	49	130	72	55	27	0	0	0	0	0	0	0	0	0	0	0	0	0	0	0	77	166	124	74	77	77	74	80	60	91	85	49	27	0	0	0	0	0	0	0	0	0	0	0	0	0	0	0	74	163	113	74	77	77	74	77	69	74	77	49	27	0	0	0	0	0	0	0	0	0	0	0	0	0	0	0	60	180	110	74	77	77	72	77	72	60	108	63	24	0	0	0	0	0	0	0	0	0	0	0	0	0	0	0	66	202	110	83	80	74	80	83	80	58	52	94	8	0	0	0	0	0	0	0	0	0	0	0	0	0	0	0	0	60	171	77	77	74	83	72	77	66	77	202	38	0	0	0	0	0	0	0	0	0	0	0	0	0	0	0	0	0	77	94	80	83	77	83	83	52	16	30	0	0	0	0	0	0	0	0
0	0	0	0	0	0	0	0	0	0	0	0	0	0	0	0	0	0	0	0	0	0	0	0	0	0	0	0	0	0	0	0	0	0	0	0	0	0	0	0	0	0	0	0	0	0	0	0	0	0	0	0	0	0	0	0	0	0	0	0	0	0	0	0	0	0	0	0	0	0	0	0	0	0	0	0	0	0	0	0	0	0	0	0	0	0	0	0	0	0	0	0	0	0	0	0	0	0	0	0	0	0	0	0	0	0	0	0	0	0	0	0	0	0	0	0	0	0	0	0	0	0	0	0	0	0	0	0	0	0	0	0	0	0	0	0	0	0	0	0	0	0	0	0	0	0	0	0	0	0	0	0	0	0	0	0	0	0	0	0	0	0	0	0	0	0	0	0	0	0	0	0	0	0	0	0	0	0	0	0	0	0	0	0	0	0	0	0	0	0	0	0	0	0	0	0	0	0	0	0	0	0	0	0	0	0	0	0	0	0	0	0	0	0	0	0	0	0	0	0	0	0	0	0	0	0	0	0	0	0	0	0	1	0	0	0	0	0	0	0	34	41	0	0	1	1	0	3	5	5	0	0	0	0	0	0	0	0	0	0	0	0	0	7	0	0	19	79	228	194	0	0	5	3	3	0	0	0	0	0	0	0	0	0	0	0	0	0	0	5	0	0	0	76	218	192	116	165	91	0	0	0	0	0	55	123	7	0	0	0	0	0	0	0	0	0	0	0	0	74	146	188	137	156	144	180	173	169	161	176	169	154	137	140	39	0	1	1	1	3	1	1	0	0	0	100	186	241	241	163	79	150	197	218	165	142	190	182	167	125	119	148	76	0	0	0	0	0	0	0	0	89	176	211	203	66	76	144	226	255	190	142	95	87	28	15	121	182	125	125	138	0	0	0	1	0	0	41	201	226	163	117	163	138	199	226	176	131	79	104	114	129	152	135	91	114	30	30	161	3	0	148	159	156	173	199	161	176	163	159	196	220	173	121	95	102	116	127	116	98	110	131	97	64	87	93	146	45	45	188	146	133	140	171	148	112	93	184	194	116	104	114	138	127	146	140	138	131	142	142	100	102	121	112	163	74	104	133	104	89	95	146	138	127	121	119	93	110	135	131	135	125	119	125	106	114	129	123	112	112	93	68	83	55	81	182	112	78	68	66	55	66	72	70	74	64	60	55	60	66	60	62	68	58	66	66	70	68	58	47	72	87	0	45	152	176	171	163	140	133	123	108	108	114	114	133	138	152	159	157	159	154	148	142	142	133	125	123	125	34	0	0	0	0	20	60	81	91	104	110	108	116	98	91	78	70	70	58	62	74	72	68	72	68	66	39	5	0	0	0	0	0	0	0	0	0	0	0	0	0	0	0	0	0	0	0	0	0	0	0	0	0	0	0	0	0	0	0	0	0	0	0	0	0	0	0	0	0	0	0	0	0	0	0	0	0	0	0	0	0	0	0	0	0	0	0	0	0	0	0	0	0	0	0	0	0	0	0	0	0	0	0	0	0	0	0	0	0	0	0	0	0	0	0	0	0	0	0	0	0	0	0	0	0	0	0	0	0	0	0	0	0	0	0	0	0	0	0	0	0	0	0	0	0	0	0	0	0	0	0	0	0	0	0	0	0	0	0	0	0	0	0	0	0	0	0	0	0	0	0	0	0	0	0	0	0	0	0	0	0	0	0	0	0	0	0	0	0	0	0	0	0	0	0	0	0	0	0	0	0	0	0	0	0	0	0	0	0	0	0	0	0	0	0	0	0	0	0	0	0	0	0	0	0
0	0	0	0	0	0	0	0	0	0	111	157	120	130	85	115	126	114	134	47	0	0	0	0	0	0	0	0	0	0	0	0	0	0	0	0	0	0	225	218	209	240	222	218	208	192	251	137	0	0	0	0	0	0	0	0	0	0	0	0	0	0	0	0	0	0	232	202	199	192	182	187	191	175	202	152	0	0	0	0	0	0	0	0	0	0	0	0	0	0	0	0	0	50	253	208	211	205	190	196	199	195	205	162	0	0	0	0	0	0	0	0	0	0	0	0	0	0	0	0	0	93	250	198	205	207	216	203	206	188	202	177	0	0	0	0	0	0	0	0	0	0	0	0	0	0	0	0	0	128	232	186	199	211	195	209	210	188	192	178	0	0	0	0	0	0	0	0	0	0	0	0	0	0	0	0	0	169	217	189	206	226	220	218	205	184	192	171	0	0	0	0	0	0	0	0	0	0	0	0	0	0	0	0	0	189	217	190	201	216	241	214	209	182	192	165	0	0	0	0	0	0	0	0	0	0	0	0	0	0	0	0	0	202	206	192	206	225	178	231	215	192	197	152	0	0	0	0	0	0	0	0	0	0	0	0	0	0	0	0	0	201	209	186	211	224	51	254	210	192	206	133	0	0	0	0	0	0	0	0	0	0	0	0	0	0	0	0	0	194	213	178	236	181	0	255	210	192	213	106	0	0	0	0	0	0	0	0	0	0	0	0	0	0	0	0	0	185	222	181	252	114	0	242	216	196	223	90	0	0	0	0	0	0	0	0	0	0	0	0	0	0	0	0	0	151	230	193	253	73	0	206	221	195	232	45	0	0	0	0	0	0	0	0	0	0	0	0	0	0	0	0	0	124	236	197	253	61	0	183	226	199	209	0	0	0	0	0	0	0	0	0	0	0	0	0	0	0	0	0	0	98	241	199	253	75	0	154	231	202	188	0	0	0	0	0	0	0	0	0	0	0	0	0	0	0	0	0	0	65	253	200	253	28	0	127	232	208	190	0	0	0	0	0	0	0	0	0	0	0	0	0	0	0	0	0	0	23	254	206	227	38	0	111	233	212	203	0	0	0	0	0	0	0	0	0	0	0	0	0	0	0	0	0	0	0	252	215	233	75	0	104	237	211	201	0	0	0	0	0	0	0	0	0	0	0	0	0	0	0	0	0	0	0	231	220	234	140	0	103	239	217	201	0	0	0	0	0	0	0	0	0	0	0	0	0	0	0	0	0	0	0	189	230	227	192	0	103	238	221	203	0	0	0	0	0	0	0	0	0	0	0	0	0	0	0	0	0	0	0	140	235	224	221	0	99	238	223	202	0	0	0	0	0	0	0	0	0	0	0	0	0	0	0	0	0	0	0	78	238	223	229	0	91	238	225	189	0	0	0	0	0	0	0	0	0	0	0	0	0	0	0	0	0	0	0	37	230	224	247	0	89	237	227	154	0	0	0	0	0	0	0	0	0	0	0	0	0	0	0	0	0	0	0	0	220	220	254	0	99	236	228	133	0	0	0	0	0	0	0	0	0	0	0	0	0	0	0	0	0	0	0	0	201	223	253	0	109	240	232	130	0	0	0	0	0	0	0	0	0	0	0	0	0	0	0	0	0	0	0	0	175	226	227	0	106	233	228	88	0	0	0	0	0	0	0	0	0	0	0	0	0	0	0	0	0	0	0	0	194	245	255	0	132	252	237	57	0	0	0	0	0	0	0	0	0	0	0	0	0	0	0	0	0	0	0	0	44	122	34	0	35	155	152	15	0	0	0	0	0	0	0	0	0
0	0	0	0	0	0	0	1	2	1	0	20	165	129	126	154	100	0	0	2	1	0	0	0	0	0	0	0	0	0	0	0	0	0	4	0	0	0	0	138	219	197	200	208	231	0	0	0	0	4	1	0	0	0	0	0	0	0	0	0	0	0	0	0	54	131	204	209	211	210	217	195	198	202	125	42	0	0	1	0	0	0	0	0	0	0	0	0	0	0	72	187	216	216	204	200	223	216	227	216	199	210	221	218	185	64	0	0	0	0	0	0	0	0	0	0	0	28	217	208	197	195	195	195	190	191	190	195	201	200	197	197	212	218	24	0	0	0	0	0	0	0	0	0	0	163	218	199	199	200	198	199	200	194	198	198	202	201	203	202	200	220	145	0	0	0	0	0	0	0	0	0	0	219	213	209	192	197	197	197	197	195	197	195	201	202	201	198	207	216	208	0	0	0	0	0	0	0	0	0	20	211	203	219	199	194	195	197	195	194	197	197	200	201	198	212	221	209	252	0	0	0	0	0	0	0	0	0	72	214	199	221	214	191	194	195	194	194	197	197	199	200	192	236	223	200	220	52	0	0	0	0	0	0	0	0	164	232	206	219	222	193	199	199	199	199	202	200	204	203	203	240	219	200	224	134	0	0	0	0	0	0	0	0	55	155	184	255	178	211	201	203	203	202	203	203	204	204	220	197	221	212	211	144	0	0	0	0	0	0	0	0	0	0	0	0	86	221	192	201	201	201	203	202	206	200	219	161	0	15	0	0	0	0	0	0	0	0	0	0	0	0	0	0	103	222	199	203	203	201	201	201	206	206	219	149	0	0	0	0	0	0	0	0	0	0	0	0	0	0	2	0	111	221	200	206	204	203	202	203	206	206	221	131	0	4	2	0	0	0	0	0	0	0	0	0	0	0	2	0	116	220	200	206	204	204	206	207	206	207	222	120	0	2	0	0	0	0	0	0	0	0	0	0	0	0	1	0	125	219	203	207	207	206	206	206	206	208	222	119	0	2	0	0	0	0	0	0	0	0	0	0	0	0	0	0	134	218	204	207	207	206	206	204	207	204	220	128	0	1	0	0	0	0	0	0	0	0	0	0	0	0	0	0	140	220	204	208	208	207	207	206	208	204	218	140	0	1	0	0	0	0	0	0	0	0	0	0	0	0	0	0	152	222	204	209	209	208	208	207	208	207	218	142	0	0	0	0	0	0	0	0	0	0	0	0	0	0	0	0	174	220	206	209	211	208	207	208	210	209	218	154	0	0	0	0	0	0	0	0	0	0	0	0	0	0	0	0	191	218	206	208	208	207	206	207	209	210	218	171	0	0	0	0	0	0	0	0	0	0	0	0	0	1	0	0	208	214	207	210	208	208	209	210	210	211	217	187	0	0	0	0	0	0	0	0	0	0	0	0	0	1	0	0	185	212	208	210	208	209	211	211	213	213	218	201	0	0	0	0	0	0	0	0	0	0	0	0	0	2	0	0	194	212	211	211	210	210	211	211	213	211	219	182	0	0	1	0	0	0	0	0	0	0	0	0	0	3	0	0	203	213	211	211	209	210	212	213	213	213	218	190	0	0	2	0	0	0	0	0	0	0	0	0	0	3	0	1	203	208	211	208	209	209	209	208	208	211	214	185	0	0	3	0	0	0	0	0	0	0	0	0	0	2	0	5	217	223	220	233	231	229	229	230	236	220	227	214	0	0	2	0	0	0	0	0	0	0	0	0	0	1	0	0	136	168	155	157	160	164	164	161	158	154	167	89	0	0	0	0	0	0	0	0
0	0	0	0	0	0	0	3	0	0	0	87	211	215	228	194	0	0	0	0	1	0	1	0	0	0	0	0	0	0	0	0	0	1	1	0	0	0	70	194	245	255	207	197	169	5	0	0	0	0	1	0	0	0	0	0	0	0	0	0	0	0	0	5	102	188	228	178	197	247	199	192	196	216	146	26	0	0	0	0	0	0	0	0	0	0	0	0	1	0	68	180	192	175	169	182	209	176	196	205	178	176	184	190	150	0	0	1	0	0	0	0	0	0	0	0	0	0	142	186	161	173	178	173	175	178	178	176	165	175	173	169	194	41	0	3	0	0	0	0	0	0	0	0	0	11	176	180	176	178	167	178	178	188	180	182	178	178	173	175	194	112	0	0	0	0	0	0	0	0	0	0	0	66	184	182	186	178	192	192	176	167	171	178	175	182	173	180	196	156	0	0	0	0	0	0	0	0	0	0	0	116	192	178	175	180	192	194	186	186	188	188	190	190	188	188	188	169	0	0	0	0	0	0	0	0	0	0	0	133	188	182	186	190	192	184	175	184	194	176	190	182	186	203	186	182	24	0	0	0	0	0	0	0	0	0	0	163	182	194	201	169	180	190	196	184	184	190	190	196	184	211	196	194	55	0	0	0	0	0	0	0	0	0	0	186	178	194	211	171	186	188	167	176	190	190	188	184	180	213	192	192	108	0	0	0	0	0	0	0	0	0	0	192	180	199	156	201	194	196	188	190	184	184	201	192	196	129	211	186	148	0	0	0	0	0	0	0	0	0	0	173	184	197	108	205	186	182	167	180	188	182	180	196	186	58	209	186	180	0	0	0	0	0	0	0	0	0	20	175	180	226	38	205	178	188	178	190	194	169	182	190	188	0	235	186	167	0	0	0	0	0	0	0	0	0	55	184	192	159	0	213	171	169	173	190	175	180	188	192	169	0	216	192	178	7	0	0	0	0	0	0	0	0	87	178	199	93	0	226	182	175	173	173	188	165	165	194	190	0	169	196	182	32	0	0	0	0	0	0	0	0	104	180	199	76	15	220	159	175	176	196	178	180	180	186	196	0	165	197	190	62	0	0	0	0	0	0	0	0	97	178	199	45	53	222	180	180	157	196	178	171	169	176	218	0	112	199	186	81	0	0	0	0	0	0	0	0	102	180	235	19	106	205	154	175	176	186	190	176	171	173	232	49	76	215	186	87	0	0	0	0	0	0	0	0	117	184	239	15	140	205	171	175	176	190	176	186	171	171	197	116	39	203	194	91	0	0	0	0	0	0	0	0	116	175	230	26	165	190	180	188	173	205	190	165	169	184	199	169	3	203	192	83	0	0	0	0	0	0	0	0	89	192	213	53	201	171	159	169	186	180	176	184	186	173	171	199	22	211	205	89	0	0	0	0	0	0	0	0	72	184	205	62	201	175	182	175	161	203	188	161	163	182	163	216	13	175	209	91	0	0	0	0	0	0	0	0	72	192	165	70	215	161	156	176	184	209	182	178	178	176	167	226	19	148	211	110	0	0	0	0	0	0	0	0	64	205	159	76	201	171	163	163	163	194	171	173	173	171	161	186	55	148	222	129	0	0	0	0	0	0	0	0	66	180	156	47	203	184	190	190	186	220	216	176	190	196	192	220	24	108	178	116	0	0	0	0	0	0	0	0	0	0	0	0	184	230	216	213	203	169	197	190	194	201	194	112	0	0	0	0	0	0	0	0	0	0	0	0	0	0	0	0	0	55	119	137	148	127	144	156	142	62	0	0	0	0	0	0	0	0	0	0
0	0	0	0	0	0	0	0	0	0	67	119	145	161	163	142	129	83	0	0	0	0	0	0	0	0	0	0	0	0	0	0	0	0	1	0	33	216	243	234	252	252	252	252	240	244	229	80	0	0	0	0	0	0	0	0	0	0	0	0	0	1	0	0	164	241	184	199	180	177	167	171	201	182	235	203	0	0	0	0	0	0	0	0	0	0	0	0	0	0	0	53	223	209	173	238	252	201	195	251	241	200	207	227	45	0	1	0	0	0	0	0	0	0	0	0	1	0	47	220	215	207	193	210	255	221	217	247	201	210	206	227	186	0	0	3	0	0	0	0	0	0	0	0	0	0	184	217	207	225	231	236	220	253	255	214	229	244	226	201	225	124	0	1	0	0	0	0	0	0	0	0	0	0	186	205	200	215	221	214	240	178	179	223	205	221	215	200	214	179	0	0	0	0	0	0	0	0	0	0	0	15	209	203	198	188	190	181	195	167	164	190	184	187	195	206	214	181	0	0	0	0	0	0	0	0	0	0	0	53	215	211	203	193	192	192	199	179	183	192	194	195	199	218	207	199	14	0	0	0	0	0	0	0	0	0	0	108	212	222	233	187	190	188	196	178	184	193	196	190	191	230	206	203	51	0	0	0	0	0	0	0	0	0	0	149	208	219	240	180	194	194	201	184	192	200	198	198	211	243	205	211	117	0	0	0	0	0	0	0	0	0	0	182	201	226	244	180	195	193	201	184	195	203	199	199	224	249	209	207	164	0	0	0	0	0	0	0	0	0	0	208	198	225	255	189	197	199	204	176	191	206	203	196	212	249	216	204	190	0	0	0	0	0	0	0	0	0	0	227	197	233	243	185	199	199	207	183	196	204	204	194	216	254	220	200	222	0	0	0	0	0	0	0	0	0	1	229	199	250	226	189	200	198	206	188	197	204	204	199	202	255	229	200	238	0	0	0	0	0	0	0	0	0	31	232	199	253	220	191	201	204	205	189	197	207	213	213	186	254	238	199	241	6	0	0	0	0	0	0	0	0	66	240	207	237	189	201	194	205	204	191	197	212	205	217	201	207	232	205	242	38	0	0	0	0	0	0	0	0	87	231	210	191	176	206	201	204	202	194	198	206	201	196	224	189	241	213	237	69	0	0	0	0	0	0	0	0	103	225	227	203	179	194	201	205	203	199	199	202	206	198	211	195	246	216	229	97	0	0	0	0	0	0	0	0	113	227	232	232	193	194	196	202	208	191	192	206	204	196	199	189	227	221	225	113	0	0	0	0	0	0	0	0	121	229	232	241	189	199	198	208	212	192	196	207	204	198	205	191	197	229	227	114	0	0	0	0	0	0	0	0	120	234	230	225	187	202	194	207	203	195	200	205	208	201	208	195	203	227	226	129	0	0	0	0	0	0	0	0	122	234	231	216	187	191	197	201	205	195	198	205	202	199	203	187	224	230	232	133	0	0	0	0	0	0	0	0	122	218	226	217	243	252	222	212	216	220	220	219	217	220	219	237	236	226	222	128	0	0	0	0	0	0	0	0	125	213	229	160	50	112	87	125	197	108	102	193	130	113	129	85	193	234	217	122	0	0	0	0	0	0	0	0	122	211	229	138	0	0	0	15	118	0	0	139	1	0	0	0	158	234	211	118	0	0	0	0	0	0	0	0	90	221	232	157	0	5	0	8	55	24	3	65	0	0	4	0	159	246	216	102	0	0	0	0	0	0	0	0	2	205	221	78	0	1	0	0	0	0	0	0	0	0	2	0	71	223	215	34	0	0	0	0
0	0	0	0	0	0	0	1	0	0	19	65	83	100	96	81	47	0	0	0	1	0	0	0	0	0	0	0	0	0	0	0	0	0	1	0	0	162	195	146	137	121	120	148	166	161	129	0	0	0	0	0	0	0	0	0	0	0	0	0	0	0	0	0	153	111	3	0	0	0	1	0	16	10	174	111	0	5	0	0	0	0	0	0	0	0	0	0	0	0	0	2	136	89	109	121	79	64	73	186	145	0	121	150	0	5	0	0	0	0	0	0	0	0	0	0	0	1	0	0	180	101	0	107	17	119	140	15	5	22	196	145	0	0	1	0	0	0	0	0	0	0	0	0	1	0	0	48	232	158	0	142	3	123	172	0	188	188	209	183	4	0	0	0	0	0	0	0	0	0	0	0	3	0	71	215	207	235	193	250	25	99	107	95	224	188	191	200	199	18	0	3	0	0	0	0	0	0	0	0	0	0	181	205	201	199	224	230	193	60	154	208	200	196	189	181	195	174	0	0	0	0	0	0	0	0	0	0	0	63	209	195	200	183	199	209	245	202	238	196	196	184	184	171	172	189	25	0	0	0	0	0	0	0	0	0	0	142	213	204	209	206	204	194	162	216	202	168	172	167	156	168	183	200	80	0	0	0	0	0	0	0	0	0	0	207	201	203	237	198	214	220	189	184	216	176	182	194	192	205	204	189	144	0	0	0	0	0	0	0	0	0	0	228	202	210	245	183	189	187	165	180	195	171	153	168	144	191	218	199	163	0	0	0	0	0	0	0	0	0	3	233	180	208	255	192	211	214	200	193	189	184	189	198	174	224	220	184	174	0	0	0	0	0	0	0	0	0	49	244	192	223	250	190	189	193	166	173	184	162	148	165	149	195	230	198	206	0	0	0	0	0	0	0	0	0	69	218	142	221	246	198	217	220	211	192	208	174	197	195	185	204	232	191	175	0	0	0	0	0	0	0	0	0	68	244	175	220	244	198	206	206	200	191	209	164	177	175	185	192	239	208	228	6	0	0	0	0	0	0	0	0	88	213	151	224	237	209	218	218	215	203	194	175	188	206	190	186	221	182	188	27	0	0	0	0	0	0	0	0	104	234	156	245	220	199	207	190	186	182	173	151	148	171	174	181	240	194	219	52	0	0	0	0	0	0	0	0	95	231	165	234	231	189	209	221	223	198	191	178	191	216	161	170	230	183	190	40	0	0	0	0	0	0	0	0	108	224	140	222	234	209	203	215	206	200	213	164	175	207	179	208	241	179	210	68	0	0	0	0	0	0	0	0	128	242	174	240	227	203	197	196	188	174	201	163	151	159	164	180	235	192	210	81	0	0	0	0	0	0	0	0	100	224	141	210	244	209	224	236	234	215	206	193	206	221	193	194	237	164	186	83	0	0	0	0	0	0	0	0	128	242	172	235	230	203	187	191	180	176	183	168	143	164	163	188	238	190	211	113	0	0	0	0	0	0	0	0	122	227	152	230	233	210	213	227	220	204	203	200	201	197	184	194	236	199	176	118	0	0	0	0	0	0	0	0	140	210	185	222	209	203	200	205	200	194	201	181	180	185	187	195	234	206	182	136	0	0	0	0	0	0	0	0	166	207	198	167	205	228	219	216	208	203	205	191	185	194	213	215	208	218	192	153	0	0	0	0	0	0	0	0	66	203	200	26	13	107	146	159	165	154	144	144	160	171	136	35	45	200	188	38	0	0	0	0	0	0	0	0	0	0	0	0	0	0	0	0	0	0	0	0	0	0	0	0	0	0	0	0	0	0	0	0
0	0	0	0	0	0	0	1	1	0	0	0	102	110	119	145	51	0	0	1	1	0	0	0	0	0	0	0	0	0	0	0	0	0	0	0	0	0	0	131	197	173	173	255	210	19	0	0	0	1	0	0	0	0	0	0	0	0	0	0	0	0	0	0	37	104	154	181	185	161	163	206	182	171	117	61	0	0	1	0	0	0	0	0	0	0	0	0	0	1	0	91	168	123	110	150	190	191	201	164	163	92	144	145	153	0	0	0	0	0	0	0	0	0	0	0	0	0	18	112	117	68	57	92	174	174	137	181	94	68	59	80	119	44	0	0	0	0	0	0	0	0	0	0	0	0	72	138	150	151	134	144	154	170	156	163	161	117	74	139	102	56	0	0	0	0	0	0	0	0	0	0	0	0	103	169	163	154	158	159	149	151	154	149	160	134	130	163	154	133	0	0	0	0	0	0	0	0	0	0	0	0	115	161	169	142	163	148	145	147	143	155	156	149	160	154	172	146	0	0	0	0	0	0	0	0	0	0	0	0	137	154	171	141	144	149	145	161	141	164	138	137	141	159	168	167	1	0	0	0	0	0	0	0	0	0	0	0	156	150	170	95	89	111	143	156	138	138	129	121	135	165	167	173	21	0	0	0	0	0	0	0	0	0	0	0	165	150	169	78	75	83	133	157	150	117	91	81	93	180	164	180	33	0	0	0	0	0	0	0	0	0	0	1	164	147	172	74	73	77	134	156	146	93	77	59	79	168	168	185	46	0	0	0	0	0	0	0	0	0	0	7	165	147	177	74	79	80	143	144	142	95	72	67	90	157	180	175	66	0	0	0	0	0	0	0	0	0	0	14	163	141	175	68	73	80	147	145	134	93	66	60	106	153	183	168	77	0	0	0	0	0	0	0	0	0	0	37	166	144	171	66	86	83	144	146	140	108	60	58	123	134	180	163	96	0	0	0	0	0	0	0	0	0	0	55	151	145	137	83	84	92	151	145	143	118	67	60	135	111	171	168	113	0	0	0	0	0	0	0	0	0	0	65	150	145	53	104	69	100	154	143	141	110	74	59	129	72	158	174	114	0	0	0	0	0	0	0	0	0	0	67	149	153	32	119	59	98	154	149	145	113	65	52	117	79	146	172	118	0	0	0	0	0	0	0	0	0	0	67	148	130	43	140	61	111	149	153	144	145	73	51	132	90	128	162	130	0	0	0	0	0	0	0	0	0	0	90	151	102	31	165	61	129	157	153	131	153	109	85	154	106	108	182	147	0	0	0	0	0	0	0	0	0	0	105	171	93	16	187	94	145	160	153	129	144	149	143	164	119	15	132	88	0	0	0	0	0	0	0	0	0	0	35	100	11	28	176	143	150	146	155	145	138	148	142	146	138	0	0	0	0	0	0	0	0	0	0	0	0	0	0	0	0	34	170	150	141	143	157	145	139	141	145	148	146	0	0	1	0	0	0	0	0	0	0	0	0	0	3	4	0	32	166	151	149	147	155	143	150	143	144	150	144	0	0	0	0	0	0	0	0	0	0	0	0	0	0	1	0	10	156	149	150	158	153	157	159	141	143	145	134	0	2	0	0	0	0	0	0	0	0	0	0	0	0	0	0	0	143	157	144	146	136	133	155	140	139	185	120	0	5	0	0	0	0	0	0	0	0	0	0	0	0	0	5	0	51	196	193	186	193	193	174	169	174	148	0	0	2	0	0	0	0	0	0	0	0	0	0	0	0	0	0	0	0	17	97	120	118	108	132	87	13	0	0	0	0	0	0	0	0	0	0
0	0	0	0	0	0	0	0	0	0	0	0	0	0	0	0	0	0	0	0	0	0	0	0	0	0	0	0	0	0	0	0	0	0	0	0	0	5	0	0	31	85	95	90	86	80	1	0	0	3	0	0	0	0	0	0	0	0	0	0	0	0	0	0	5	0	22	146	124	43	18	7	18	62	142	92	0	0	1	0	0	0	0	0	0	0	0	0	1	1	0	3	0	73	160	29	0	0	0	0	0	0	0	85	136	14	0	2	0	0	0	0	0	0	0	0	0	0	5	0	60	168	0	0	10	4	2	2	2	4	0	0	32	161	0	0	3	0	0	0	0	0	0	0	0	3	0	12	194	0	0	10	4	0	0	0	0	0	0	11	0	55	140	0	0	2	0	0	0	0	0	0	1	5	0	150	180	0	3	0	5	0	0	0	0	0	0	2	0	0	255	50	0	5	0	0	0	0	0	0	0	0	0	107	0	0	0	0	0	0	0	0	0	0	0	0	0	0	47	78	0	0	0	0	0	0	6	0	58	255	121	166	181	172	177	170	166	161	159	158	157	155	152	153	157	146	168	162	99	227	12	0	0	0	5	0	87	255	148	206	248	241	241	240	240	242	242	240	240	238	236	239	239	239	247	195	166	250	37	0	3	0	0	158	35	189	195	212	202	205	203	201	200	202	202	203	204	204	203	203	200	197	195	197	179	166	29	79	0	0	83	255	177	138	135	142	161	168	166	167	167	166	167	170	173	175	176	172	164	157	141	136	148	178	158	187	0	83	112	119	231	157	170	153	153	150	155	164	166	165	164	163	161	161	165	158	153	152	150	160	169	181	254	126	0	255	46	104	235	154	167	159	159	156	158	163	164	167	168	166	164	160	158	155	151	152	148	153	164	169	217	109	0	255	0	125	233	158	170	162	159	159	163	169	171	171	171	168	165	163	161	160	161	161	165	172	180	183	222	101	64	252	0	161	233	186	192	183	173	172	172	176	175	172	175	176	174	173	174	174	178	182	187	188	192	195	230	91	125	203	0	156	235	196	206	200	195	192	191	187	187	179	170	167	169	178	182	185	188	191	194	197	196	196	234	77	159	120	0	147	231	194	192	187	187	185	185	181	179	170	207	236	219	159	166	172	175	177	182	185	186	197	234	56	191	47	0	140	242	212	227	223	221	219	216	212	212	229	99	40	77	232	210	213	216	220	226	222	225	223	255	38	201	16	0	125	243	213	222	216	212	208	208	213	206	255	172	0	134	249	215	213	206	206	207	209	222	222	248	17	191	17	0	112	233	201	197	191	191	188	181	180	174	199	176	2	160	188	177	179	183	192	195	197	202	214	245	0	157	40	0	99	232	204	202	203	202	196	194	195	193	191	196	188	179	186	186	193	198	205	210	207	207	218	239	0	99	104	0	76	255	205	210	201	203	200	196	194	189	182	205	215	197	184	188	195	202	210	214	212	211	224	215	0	0	138	0	0	255	206	209	204	214	213	212	214	212	206	200	196	203	214	218	219	220	223	225	226	220	232	198	0	0	38	177	54	218	221	234	236	239	237	236	241	241	243	234	224	221	220	221	220	217	216	218	219	215	232	168	0	16	0	164	250	204	209	212	217	212	211	212	218	215	216	226	235	236	231	232	232	230	231	229	228	222	243	151	0	4	0	139	216	211	237	221	216	227	246	255	255	255	255	218	175	197	190	182	173	160	152	143	135	123	142	36	0	0	0	0	0	18	32	41	62	92	112	119	126	131	130	9	0	0	0	0	0	0	0	0	0	0	0	0	0
0	0	0	0	0	0	0	0	0	0	0	0	0	0	0	0	0	0	0	0	3	2	0	0	1	0	0	0	0	0	0	0	0	2	2	0	0	0	164	228	235	186	161	167	235	255	93	0	0	0	0	2	0	0	0	0	0	0	0	0	1	0	0	0	70	236	233	227	245	237	240	249	246	225	238	218	50	0	0	0	0	0	0	0	0	0	0	0	0	0	126	241	238	224	214	212	228	236	232	240	224	213	216	231	238	207	58	0	1	0	0	0	0	0	0	0	0	176	252	224	213	210	215	212	208	230	245	222	207	216	219	215	212	232	220	0	0	0	0	0	0	0	0	0	0	228	221	219	220	219	216	217	220	208	209	212	212	215	217	218	220	214	247	111	0	0	0	0	0	0	0	0	73	247	223	226	221	218	220	213	215	217	216	218	213	212	218	219	220	219	235	214	0	0	0	0	0	0	0	0	130	247	228	230	224	218	218	217	220	220	218	218	217	215	219	220	223	229	230	255	0	0	0	0	0	0	0	0	206	237	226	236	227	220	221	218	221	221	220	222	220	217	220	221	224	238	228	239	77	0	0	0	0	0	0	0	228	223	224	234	236	228	224	223	223	223	223	226	225	223	223	223	226	234	225	248	205	0	0	0	0	0	0	25	201	242	249	244	233	230	227	225	225	224	222	227	225	226	228	223	237	254	247	236	55	0	0	0	0	0	0	0	0	41	163	255	250	229	229	224	226	224	223	225	229	228	228	228	247	173	62	0	0	0	0	0	0	0	0	0	0	0	0	0	223	240	221	225	227	225	224	224	229	224	222	242	138	0	0	0	0	0	0	0	0	0	0	1	3	2	0	0	228	240	219	228	227	225	225	224	228	226	225	246	126	0	8	0	0	0	0	0	0	0	0	0	0	0	0	0	228	236	219	229	227	225	225	224	227	227	222	251	69	0	3	0	0	0	0	0	0	0	0	0	0	0	0	0	217	239	218	228	225	227	225	226	226	226	222	246	14	0	3	0	0	0	0	0	0	0	0	0	0	0	0	0	208	239	218	228	225	227	225	226	226	228	219	239	22	0	3	0	0	0	0	0	0	0	0	0	0	0	0	0	211	236	219	228	225	227	225	226	226	226	219	242	69	0	3	0	0	0	0	0	0	0	0	0	0	0	0	0	228	231	221	227	225	227	225	226	227	225	221	240	111	0	3	0	0	0	0	0	0	0	0	0	0	3	0	0	255	225	224	226	229	227	225	227	227	228	222	238	149	0	2	0	0	0	0	0	0	0	0	0	0	4	0	3	226	222	225	226	228	227	225	226	228	226	219	238	158	0	2	0	0	0	0	0	0	0	0	0	0	3	0	27	235	221	226	226	228	227	226	227	228	225	218	238	161	0	2	0	0	0	0	0	0	0	0	0	0	3	0	57	238	221	225	226	229	227	224	226	227	225	220	238	154	0	1	0	0	0	0	0	0	0	0	0	0	3	0	86	238	221	227	228	232	228	224	226	229	225	221	238	158	0	1	0	0	0	0	0	0	0	0	0	0	2	0	84	241	221	227	230	230	227	226	227	230	226	220	241	173	0	1	0	0	0	0	0	0	0	0	0	0	2	0	76	238	217	223	224	221	216	216	219	221	221	214	236	167	0	1	0	0	0	0	0	0	0	0	0	0	3	0	121	254	234	255	255	255	255	255	255	255	255	233	250	232	0	0	0	0	0	0	0	0	0	0	0	0	0	0	84	160	99	82	77	66	58	51	50	45	59	68	88	117	0	0	1	0	0	0	0
0	0	0	0	3	0	76	102	1	0	0	0	0	0	0	0	0	0	0	40	116	33	0	2	0	0	0	0	0	0	0	1	0	0	142	153	138	114	73	38	11	8	15	39	73	110	143	136	144	132	0	0	0	0	0	0	0	0	0	4	0	42	163	145	142	145	145	137	161	133	133	134	136	132	128	133	138	138	7	0	1	0	0	0	0	0	0	4	0	106	159	152	149	132	122	117	114	123	123	125	114	116	128	134	136	149	47	0	3	0	0	0	0	0	0	0	0	165	154	155	140	133	133	122	123	128	128	131	125	118	118	136	138	147	101	0	3	0	0	0	0	0	0	0	7	149	149	163	137	138	137	128	136	129	136	138	136	131	120	140	138	144	116	0	1	0	0	0	0	0	0	0	12	155	150	165	140	156	154	143	140	139	142	145	148	153	127	155	138	144	132	0	0	0	0	0	0	0	0	0	35	170	158	174	139	153	149	142	139	143	140	140	143	153	122	167	145	142	158	0	0	0	0	0	0	0	0	0	69	178	165	185	145	144	148	143	143	147	143	140	144	145	118	209	167	149	170	13	0	0	0	0	0	0	0	0	100	180	187	182	172	139	155	145	144	147	145	143	145	144	101	216	187	161	153	47	0	0	0	0	0	0	0	0	133	172	215	194	155	139	153	145	144	147	144	142	142	153	94	250	209	169	154	79	0	0	0	0	0	0	0	0	154	164	245	196	73	166	148	144	143	147	145	143	144	149	104	219	224	183	153	105	0	0	0	0	0	0	0	0	165	156	252	134	57	171	148	145	144	148	147	143	145	147	120	147	207	203	154	128	0	0	0	0	0	0	0	3	185	156	247	107	87	167	143	144	148	147	147	145	149	156	143	94	172	213	153	140	0	0	0	0	0	0	0	25	185	155	246	112	110	161	148	145	148	144	148	152	150	150	155	78	158	224	154	154	0	0	0	0	0	0	0	51	183	161	242	98	120	153	153	147	145	149	150	149	144	148	156	85	165	225	154	163	0	0	0	0	0	0	0	72	190	167	237	137	122	153	153	149	147	149	150	153	152	154	160	100	194	221	155	170	0	0	0	0	0	0	0	78	188	165	236	174	114	155	152	149	147	148	153	154	152	150	159	112	187	221	158	175	19	0	0	0	0	0	0	102	187	170	234	165	122	160	152	150	145	153	149	149	155	148	156	123	155	223	160	175	35	0	0	0	0	0	0	107	185	171	228	139	131	161	143	145	147	152	145	149	149	154	152	131	138	215	163	174	60	0	0	0	0	0	0	114	186	172	225	139	139	164	150	149	148	155	155	154	147	153	155	139	136	213	165	171	72	0	0	0	0	0	0	120	186	165	242	133	150	166	154	150	147	158	165	155	145	152	155	142	133	212	172	171	71	0	0	0	0	0	0	125	187	170	234	132	156	165	153	153	152	155	169	160	154	159	156	143	126	207	178	172	84	0	0	0	0	0	0	129	183	180	205	129	169	163	152	149	153	152	165	150	145	152	167	145	123	205	176	161	102	0	0	0	0	0	0	133	175	178	215	160	167	169	165	163	158	163	178	166	161	158	163	153	155	214	171	169	117	0	0	0	0	0	0	120	176	180	224	202	175	187	155	156	144	143	159	154	150	177	187	153	199	235	170	166	126	0	0	0	0	0	0	26	187	201	243	94	0	1	0	0	0	0	0	0	0	0	8	0	177	255	186	193	77	0	0	0	0	0	0	0	66	77	63	0	0	0	0	0	0	0	0	0	0	0	0	0	0	180	167	145	0	0	0	0
0	0	0	0	0	0	0	0	9	78	89	62	48	118	134	93	76	129	123	0	0	0	0	0	0	0	0	0	0	0	0	0	0	0	62	128	122	109	189	151	143	181	217	184	164	192	198	200	176	61	0	0	0	0	0	0	0	0	0	0	0	45	101	82	87	32	158	175	123	92	101	100	93	153	143	70	134	193	95	0	0	0	0	0	0	0	0	0	0	54	35	50	90	71	56	220	167	122	114	109	125	126	140	89	125	65	170	1	0	0	0	0	0	0	0	0	20	71	39	43	61	95	54	89	217	181	134	134	112	73	158	87	173	87	176	70	0	0	0	0	0	0	0	0	50	75	42	37	39	71	82	65	82	150	164	139	84	75	156	98	195	117	145	161	0	0	0	0	0	0	0	1	68	70	46	32	34	37	65	87	93	56	57	54	62	95	148	142	203	137	145	176	28	0	0	0	0	0	0	21	68	73	65	32	43	25	35	59	84	73	65	43	28	64	109	187	190	175	125	173	122	0	0	0	0	0	0	48	78	53	98	20	54	37	54	92	81	65	61	48	61	71	126	192	186	179	126	131	195	0	0	0	0	0	0	35	81	50	95	45	56	39	50	78	82	67	68	62	73	54	118	179	183	186	140	103	198	4	0	0	0	0	0	57	75	53	89	61	54	39	65	71	79	73	71	67	78	53	118	173	181	173	136	106	197	112	0	0	0	0	0	54	64	75	68	84	54	37	75	62	71	70	75	73	82	65	87	190	178	181	126	147	198	18	0	0	0	0	0	0	39	103	96	71	42	40	84	61	81	68	79	76	82	68	71	192	181	189	162	106	0	0	0	0	0	0	0	0	0	20	125	145	48	37	90	56	82	71	84	81	93	87	62	156	206	239	84	0	0	0	0	0	0	0	0	0	0	0	3	211	68	43	93	50	81	73	86	79	93	103	51	148	193	125	0	0	0	0	0	0	0	0	0	0	0	1	0	0	50	65	90	45	87	75	82	76	90	111	43	167	62	0	0	0	0	0	0	0	0	0	0	0	0	0	0	7	59	81	81	45	93	75	87	78	84	114	62	140	143	0	0	0	0	0	0	0	0	0	0	0	0	3	0	28	56	92	79	53	93	70	82	79	89	123	68	101	170	0	0	0	0	0	0	0	0	0	0	0	0	1	0	32	61	106	64	56	96	71	87	79	86	128	89	75	183	0	0	1	0	0	0	0	0	0	0	0	0	0	0	46	67	106	51	57	98	73	87	84	75	126	112	67	176	23	0	1	0	0	0	0	0	0	0	0	0	0	1	56	79	100	43	65	92	76	86	92	71	120	118	81	162	68	0	1	0	0	0	0	0	0	0	0	1	0	29	57	111	76	48	76	87	84	86	93	79	120	125	98	134	111	0	0	0	0	0	0	0	0	0	0	3	0	32	62	112	35	65	70	84	86	82	93	81	107	132	114	120	136	0	0	0	0	0	0	0	0	0	0	0	0	42	109	79	50	71	78	90	92	84	90	95	106	123	128	123	178	0	0	1	0	0	0	0	0	0	0	0	0	61	73	17	17	34	42	37	45	61	48	64	78	92	111	128	153	17	0	3	0	0	0	0	0	0	1	0	0	139	101	90	128	137	128	136	150	126	106	114	95	100	95	122	159	70	0	3	0	0	0	0	0	0	1	0	0	190	172	178	183	192	211	226	233	223	255	215	228	239	236	240	226	42	0	3	0	0	0	0	0	0	0	0	0	0	21	53	73	107	131	140	132	120	109	114	115	82	65	53	0	0	0	0	0	0	0
0	0	0	0	0	0	0	0	0	0	0	0	0	0	0	0	0	0	0	0	0	0	0	0	0	0	0	0	0	0	0	0	0	0	0	0	0	0	0	0	0	0	0	0	0	0	0	0	0	0	0	0	0	0	0	0	0	0	0	0	0	0	0	0	0	0	0	0	0	0	0	0	0	0	0	0	0	0	0	0	0	0	0	0	0	0	0	0	0	0	0	0	0	0	0	0	0	0	0	0	0	0	0	0	0	0	0	0	0	0	0	0	0	0	0	0	0	0	0	0	0	0	0	0	0	0	0	0	0	0	0	0	0	0	0	0	0	0	0	0	0	0	0	0	0	0	0	0	0	0	0	0	0	0	0	0	0	0	0	0	0	0	0	0	0	0	0	0	0	0	0	0	0	0	0	0	0	0	0	0	0	0	0	0	0	0	0	0	0	0	0	0	0	0	0	0	0	0	0	0	0	0	0	0	0	0	0	0	0	0	0	0	0	0	0	0	0	0	0	0	0	0	0	0	0	0	0	0	0	0	0	0	0	0	0	0	12	55	87	80	127	0	0	0	0	0	0	0	21	0	0	0	0	0	0	0	0	0	0	0	0	3	0	27	21	24	87	0	183	167	0	3	0	0	0	27	77	31	0	0	0	0	0	0	0	0	0	0	0	0	34	80	0	9	24	0	0	15	15	0	0	0	0	102	31	143	31	0	0	0	0	0	0	0	0	0	18	18	180	127	0	0	49	68	108	87	65	24	0	0	0	49	124	62	6	0	0	0	0	0	0	0	0	34	12	9	18	0	62	80	136	71	43	93	105	130	143	108	108	87	118	127	102	0	0	0	0	0	0	0	3	59	0	0	18	0	139	223	149	90	68	90	130	121	102	90	59	31	37	108	174	0	0	0	0	9	24	55	71	24	31	0	121	52	12	99	68	90	52	68	155	130	49	49	6	0	90	108	155	52	0	21	49	46	62	55	3	31	155	255	177	71	31	0	37	65	40	49	40	49	77	59	62	90	127	96	177	93	27	65	43	3	24	0	27	15	0	71	0	6	59	40	37	34	43	71	102	96	105	127	155	111	68	59	99	62	52	52	52	59	62	59	62	46	27	21	43	27	71	65	59	68	68	68	71	65	59	46	49	55	59	55	52	62	80	71	74	77	59	55	46	43	52	77	77	65	52	65	68	68	74	71	59	65	68	71	74	74	71	62	62	59	55	74	87	87	99	77	87	80	65	80	71	74	74	74	71	71	71	74	83	83	80	80	87	83	80	90	99	68	0	0	3	12	24	37	43	46	59	55	68	80	71	71	71	71	71	65	65	59	52	52	43	43	34	21	18	0	0	0	0	0	0	0	0	0	0	0	0	0	0	0	0	0	0	0	0	0	0	0	0	0	0	0	0	0	0	0	0	0	0	0	0	0	0	0	0	0	0	0	0	0	0	0	0	0	0	0	0	0	0	0	0	0	0	0	0	0	0	0	0	0	0	0	0	0	0	0	0	0	0	0	0	0	0	0	0	0	0	0	0	0	0	0	0	0	0	0	0	0	0	0	0	0	0	0	0	0	0	0	0	0	0	0	0	0	0	0	0	0	0	0	0	0	0	0	0	0	0	0	0	0	0	0	0	0	0	0	0	0	0	0	0	0	0	0	0	0	0	0	0	0	0	0	0	0	0	0	0	0	0	0	0	0	0	0	0	0	0	0	0	0	0	0	0	0	0	0	0	0	0	0	0	0	0	0	0	0	0	0	0	0	0	0	0	0	0	0	0	0	0	0	0	0
0	0	0	0	0	0	0	0	0	18	165	102	46	45	55	43	65	125	118	0	0	0	0	0	0	0	0	0	0	0	0	1	0	0	0	52	190	227	232	217	243	182	125	210	239	218	237	255	197	78	0	0	0	0	0	0	0	0	0	0	0	147	204	238	233	219	215	213	225	211	208	218	221	216	218	221	234	241	226	157	0	0	0	0	0	0	0	0	102	241	216	210	212	212	221	233	171	197	145	212	222	229	219	214	214	215	219	246	99	0	0	0	0	0	0	0	227	209	204	209	208	254	179	96	70	114	116	115	48	170	219	241	214	216	210	222	216	0	0	0	0	0	0	47	254	204	207	205	239	134	69	156	177	112	194	146	182	78	84	218	224	211	214	215	253	0	0	0	0	0	0	105	225	208	206	239	176	54	194	70	0	50	15	0	4	141	171	35	246	222	214	215	227	57	0	0	0	0	0	117	221	212	217	201	33	203	13	1	157	158	152	166	110	0	97	154	62	219	218	216	229	81	0	0	0	0	0	178	228	217	239	215	149	95	0	208	86	72	73	49	158	173	0	186	121	221	240	226	245	173	0	0	0	0	0	173	201	195	205	127	152	0	100	88	34	72	89	87	29	157	4	50	151	230	228	176	196	121	0	0	0	0	0	0	0	0	0	15	192	121	157	164	128	138	165	134	158	184	184	107	183	0	0	0	0	0	0	0	0	0	0	0	0	0	0	7	184	98	99	163	124	186	124	93	185	156	165	168	207	0	0	0	0	0	0	0	0	0	0	0	0	1	0	0	186	159	193	187	172	184	181	191	185	212	223	182	185	0	0	1	0	0	0	0	0	0	0	0	0	2	0	0	156	48	51	135	101	117	118	111	110	79	16	54	178	0	0	2	0	0	0	0	0	0	0	0	0	2	0	0	181	161	28	10	184	171	157	181	148	0	136	177	169	0	0	2	0	0	0	0	0	0	0	0	0	2	0	0	195	152	159	24	0	13	33	60	0	80	204	146	192	0	0	2	0	0	0	0	0	0	0	0	0	2	0	0	200	189	134	168	159	105	96	92	154	190	140	202	189	0	0	1	0	0	0	0	0	0	0	0	0	2	0	0	200	211	176	95	170	186	192	157	131	112	193	230	200	0	0	2	0	0	0	0	0	0	0	0	0	2	0	0	200	210	208	197	172	125	147	148	179	217	221	216	212	0	0	3	0	0	0	0	0	0	0	0	0	2	0	0	203	212	164	143	146	167	160	153	166	158	202	219	218	11	0	4	0	0	0	0	0	0	0	0	0	3	0	0	208	213	227	211	206	210	208	209	201	217	229	215	223	30	0	5	0	0	0	0	0	0	0	0	0	4	0	5	213	217	217	218	221	224	227	227	226	223	219	217	225	41	0	3	0	0	0	0	0	0	0	0	0	4	0	6	215	218	220	214	216	215	217	216	218	219	219	219	230	48	0	3	0	0	0	0	0	0	0	0	0	4	0	9	216	217	220	219	219	220	219	220	221	220	221	218	236	78	0	4	0	0	0	0	0	0	0	0	0	4	0	11	219	217	220	220	219	221	223	223	225	223	224	220	240	91	0	5	0	0	0	0	0	0	0	0	0	4	0	17	224	216	219	212	213	215	216	216	217	219	221	217	241	113	0	5	0	0	0	0	0	0	0	0	0	4	0	30	229	234	233	253	252	250	248	250	250	250	236	235	253	119	0	9	0	0	0	0	0	0	0	0	0	1	0	0	43	95	105	113	132	148	156	153	152	143	135	115	94	0	0	2	0	0	0	0
0	0	0	0	0	0	0	1	0	0	32	64	0	1	0	0	0	16	6	0	0	0	0	0	0	0	0	0	0	0	0	0	0	0	0	0	0	117	112	0	0	0	2	0	113	101	72	30	0	0	0	0	0	0	0	0	0	0	0	0	0	0	0	0	2	120	78	0	0	0	1	0	106	46	17	0	0	0	0	0	0	0	0	0	0	0	0	0	0	0	0	0	30	16	85	26	0	4	1	0	58	9	23	0	2	0	0	0	0	0	0	0	0	0	0	0	0	0	0	0	30	0	32	5	0	0	0	0	90	0	20	0	1	0	0	0	0	0	0	0	0	0	0	0	0	0	0	0	2	111	113	127	79	79	97	154	153	113	111	0	0	0	0	0	0	0	0	0	0	0	0	0	0	0	0	0	0	159	220	208	207	208	220	194	196	227	90	0	1	0	0	0	0	0	0	0	0	0	0	0	0	0	0	0	0	148	201	194	194	197	200	194	186	204	126	0	0	0	0	0	0	0	0	0	0	0	0	0	0	0	0	0	93	191	187	161	180	196	161	208	163	172	194	106	0	0	0	0	0	0	0	0	0	0	0	0	0	0	0	0	172	176	161	126	137	202	163	197	145	138	168	164	1	0	0	0	0	0	0	0	0	0	0	0	0	0	0	113	187	185	189	216	254	212	197	212	186	183	171	197	143	0	0	0	0	0	0	0	0	0	0	0	0	0	0	65	132	168	187	138	186	171	156	230	159	189	172	100	20	0	0	0	0	0	0	0	0	0	0	0	0	0	0	0	0	0	119	164	172	167	143	212	150	156	0	0	0	0	0	0	0	0	0	0	0	0	0	0	0	0	0	1	0	0	150	165	182	160	146	222	154	168	0	0	1	0	0	0	0	0	0	0	0	0	0	0	0	0	0	0	0	2	179	149	196	153	145	223	163	183	35	0	2	0	0	0	0	0	0	0	0	0	0	0	0	0	0	5	0	32	187	146	212	157	143	224	168	182	58	0	1	0	0	0	0	0	0	0	0	0	0	0	0	0	0	1	0	54	190	128	223	163	146	226	168	180	100	0	0	0	0	0	0	0	0	0	0	0	0	0	0	0	0	0	0	98	185	132	228	163	149	226	171	164	127	0	0	0	0	0	0	0	0	0	0	0	0	0	0	0	0	0	0	131	172	134	233	161	149	217	168	165	164	0	0	0	0	0	0	0	0	0	0	0	0	0	0	0	0	0	0	149	161	142	237	165	153	215	171	164	196	0	0	0	0	0	0	0	0	0	0	0	0	0	0	0	0	0	0	172	154	149	235	171	156	219	174	161	213	6	0	0	0	0	0	0	0	0	0	0	0	0	0	0	0	0	0	191	148	156	234	178	152	217	180	156	212	35	0	0	0	0	0	0	0	0	0	0	0	0	0	0	0	0	0	193	145	160	234	179	152	212	189	145	183	58	0	0	0	0	0	0	0	0	0	0	0	0	0	0	0	0	0	193	148	167	233	189	154	212	197	163	186	75	0	0	0	0	0	0	0	0	0	0	0	0	0	0	0	0	5	200	159	178	227	194	159	211	202	163	189	97	0	0	0	0	0	0	0	0	0	0	0	0	0	0	0	0	4	164	157	179	215	187	149	216	201	159	189	123	0	0	0	0	0	0	0	0	0	0	0	0	0	0	0	0	37	185	164	204	254	234	165	231	231	179	200	153	0	0	0	0	0	0	0	0	0	0	0	0	0	0	0	0	17	128	105	135	17	64	217	87	0	115	117	24	0	0	0	0	0	0	0	0
0	0	0	0	0	0	0	0	0	0	0	0	0	0	0	0	0	0	0	0	0	0	0	0	0	0	0	0	0	0	0	0	0	0	0	0	0	0	0	0	0	0	0	0	0	0	0	0	0	0	0	0	0	0	0	0	0	0	0	0	0	0	0	0	0	0	0	0	0	0	0	0	0	0	0	0	0	0	0	0	0	0	0	0	0	0	0	0	0	0	0	0	0	0	0	0	0	0	0	0	0	0	0	0	0	0	0	0	0	0	0	0	0	0	0	0	0	0	0	0	0	0	0	0	0	0	0	0	0	0	0	0	0	0	0	0	0	0	0	0	0	0	0	0	0	0	0	0	0	0	0	0	0	0	0	0	0	0	0	0	0	0	0	0	0	0	0	0	0	0	0	0	0	0	0	0	0	0	0	0	0	0	0	0	0	0	0	0	0	0	0	0	0	0	0	0	0	0	0	0	0	0	0	0	0	0	0	0	0	0	0	0	0	0	0	0	0	0	0	0	0	0	0	0	0	0	0	0	0	0	0	0	0	5	8	0	0	0	50	177	214	61	0	0	5	3	2	0	3	0	0	0	0	0	0	0	0	0	0	4	0	0	0	0	28	197	248	196	199	253	109	0	0	0	0	0	0	0	23	0	0	0	0	0	1	3	0	0	0	0	38	165	240	212	203	198	184	205	255	219	112	63	56	84	143	195	231	0	0	4	5	0	0	0	0	0	124	189	239	216	206	198	197	198	204	190	198	227	239	232	234	216	223	205	188	0	0	0	0	0	0	24	112	204	214	211	199	193	195	195	201	200	200	203	196	184	179	185	180	187	195	197	205	35	0	51	115	141	165	196	218	209	198	197	197	194	191	197	200	203	204	202	202	205	208	208	202	204	201	198	213	43	17	215	217	203	197	192	197	200	194	195	187	189	191	191	192	195	194	196	199	197	196	195	190	200	204	202	222	63	26	4	65	169	228	202	206	209	220	220	216	213	212	212	215	218	219	221	223	225	228	230	235	237	222	196	192	47	132	120	1	5	20	76	129	145	157	169	177	182	179	174	170	162	155	142	129	120	106	99	88	49	13	7	7	11	2	161	226	117	5	0	0	4	6	8	9	9	10	9	8	7	7	5	4	5	5	3	2	1	23	67	176	50	0	0	29	154	225	218	193	162	137	129	123	120	118	141	158	167	182	197	203	210	220	226	229	237	224	215	141	0	4	5	0	0	0	21	70	91	118	135	138	134	125	99	87	70	57	48	36	30	19	14	1	0	0	0	0	0	0	0	0	0	0	0	0	0	0	0	0	0	0	0	0	0	0	0	0	0	0	0	0	0	0	0	0	0	0	0	0	0	0	0	0	0	0	0	0	0	0	0	0	0	0	0	0	0	0	0	0	0	0	0	0	0	0	0	0	0	0	0	0	0	0	0	0	0	0	0	0	0	0	0	0	0	0	0	0	0	0	0	0	0	0	0	0	0	0	0	0	0	0	0	0	0	0	0	0	0	0	0	0	0	0	0	0	0	0	0	0	0	0	0	0	0	0	0	0	0	0	0	0	0	0	0	0	0	0	0	0	0	0	0	0	0	0	0	0	0	0	0	0	0	0	0	0	0	0	0	0	0	0	0	0	0	0	0	0	0	0	0	0	0	0	0	0	0	0	0	0	0	0	0	0	0	0	0	0	0	0	0	0	0	0	0	0	0	0	0	0	0	0	0	0	0	0	0	0	0	0	0	0	0	0	0	0	0	0	0	0	0	0	0	0	0	0	0	0	0	0	0	0	0
0	0	0	0	0	0	0	0	0	0	0	1	3	0	0	0	0	1	0	1	0	0	39	98	0	0	0	0	0	0	0	0	0	0	0	0	0	0	1	0	0	0	0	0	0	0	0	0	0	32	138	107	30	0	0	0	0	0	0	0	0	0	0	0	0	0	3	0	4	44	52	78	92	115	81	136	153	129	122	124	102	13	0	0	0	0	0	0	0	0	0	0	0	0	1	0	39	124	147	173	178	164	132	255	133	82	130	130	69	0	0	0	0	0	0	0	0	0	0	0	0	0	1	0	10	64	44	35	10	50	23	92	58	41	67	110	81	0	0	0	0	0	0	0	0	0	0	0	0	0	0	0	0	0	0	0	0	0	0	0	0	0	27	119	95	12	0	0	0	0	0	0	0	0	0	0	0	0	0	0	3	4	0	0	0	0	3	3	0	0	16	130	112	66	0	0	0	0	0	0	0	0	0	0	0	0	0	0	0	0	0	0	0	0	0	0	0	0	0	112	162	139	6	0	0	0	0	0	0	0	0	0	0	0	0	0	0	0	0	0	0	0	0	0	0	0	0	116	101	150	43	0	0	0	0	0	0	0	0	0	0	0	0	0	0	0	0	0	0	0	0	0	1	0	13	99	0	218	70	0	0	0	0	0	0	0	0	0	0	0	0	0	0	0	0	0	0	0	0	0	1	0	32	102	15	161	89	21	0	0	0	0	0	0	0	0	0	0	0	0	0	0	0	0	0	0	0	0	1	0	35	175	170	50	93	35	0	0	0	0	0	0	0	0	0	0	0	0	0	0	0	0	0	0	0	0	0	0	124	227	113	35	119	53	0	0	0	0	0	0	0	0	0	0	0	0	0	0	0	0	0	0	0	0	0	0	181	125	24	73	102	27	0	0	0	0	0	0	0	0	0	0	0	0	0	0	0	0	0	0	0	0	0	41	73	50	86	69	50	10	0	0	0	0	0	0	0	0	0	0	0	0	0	0	1	0	0	0	0	10	47	179	190	144	119	29	69	4	0	0	0	0	0	0	0	0	0	0	0	0	0	0	0	0	0	0	27	58	182	87	1	0	99	81	50	0	0	0	0	0	0	0	0	0	1	0	0	0	0	0	0	1	0	30	81	205	36	0	0	0	12	129	47	0	0	0	0	0	0	0	0	0	0	0	0	0	0	0	0	0	39	66	147	35	0	1	3	0	0	141	72	0	0	0	0	0	0	0	0	0	6	0	0	0	0	0	0	7	53	139	67	0	1	0	3	0	0	159	70	0	0	0	0	0	1	0	0	33	73	92	0	0	1	0	0	49	109	142	0	0	0	1	0	0	0	159	64	0	0	0	0	0	3	0	26	95	27	125	50	0	4	0	21	69	139	1	0	0	1	0	0	0	0	158	72	0	0	0	0	0	0	0	16	53	39	52	81	0	0	0	70	119	107	0	4	0	3	0	0	0	0	155	81	0	0	0	0	0	0	0	0	138	104	165	129	0	0	64	59	181	0	0	0	0	0	0	0	0	0	135	64	0	0	15	55	44	46	53	55	93	149	130	112	78	70	30	139	69	0	1	0	0	0	0	0	1	0	129	76	0	0	75	133	119	109	105	82	55	70	69	47	116	113	155	102	0	1	1	0	0	0	0	0	3	0	147	175	0	0	0	16	62	82	99	116	122	150	147	185	138	112	19	0	0	0	0	0	0	0	0	1	0	0	0	0	0	0	0	0	0	0	0	0	0	0	0	0	0	0	0	0	0	3	1	0	0	0	0	0	0	0	3	6	0
0	0	0	0	0	0	0	0	0	0	0	0	0	0	0	0	0	0	0	0	0	0	0	0	0	0	0	0	0	0	0	0	0	0	0	0	0	0	0	0	0	0	0	0	0	0	0	0	0	0	0	0	0	0	0	0	0	0	0	0	0	0	0	0	0	0	0	0	0	0	0	0	0	0	0	0	0	0	0	0	0	0	0	0	2	6	0	0	0	0	0	0	0	0	0	0	0	0	0	0	0	0	25	64	81	86	84	74	0	0	0	0	0	0	0	33	35	17	3	0	4	10	13	25	32	39	47	58	67	67	55	24	0	0	0	74	112	0	0	0	16	88	100	195	197	193	179	192	185	167	141	124	116	109	94	72	52	54	67	70	56	47	74	98	31	0	0	0	155	227	207	212	203	203	209	212	214	213	211	215	216	220	224	228	230	229	230	229	228	229	219	190	185	212	172	0	127	213	215	228	251	207	206	205	203	202	201	203	203	203	204	206	206	209	211	211	211	214	216	221	226	223	215	4	144	232	162	0	0	0	0	0	0	0	0	0	0	0	0	0	0	2	2	1	1	0	0	0	70	238	211	1	150	255	147	0	7	4	5	6	5	7	7	9	9	6	5	4	4	3	2	2	2	0	8	0	49	238	223	8	146	226	145	0	30	28	29	29	30	31	32	31	28	23	26	28	28	27	27	29	30	32	31	1	56	224	217	4	142	226	147	0	28	26	26	25	27	29	28	26	16	15	7	18	26	27	28	27	26	25	39	0	42	223	211	1	139	225	144	0	29	26	28	29	29	28	26	19	10	159	130	5	30	28	30	29	33	33	33	8	32	226	217	0	137	255	141	0	18	14	12	10	10	10	9	6	2	25	22	0	10	9	5	3	4	5	4	0	0	211	216	0	135	253	144	0	2	3	4	6	9	12	11	5	6	2	2	8	11	11	16	20	27	35	36	23	90	218	213	1	135	237	223	179	202	199	200	201	202	204	205	206	207	212	217	216	214	221	221	221	223	223	223	223	237	221	248	2	140	229	205	182	198	196	195	192	184	180	182	183	185	187	186	188	188	186	185	185	186	185	191	188	204	213	246	0	140	236	199	164	182	180	180	180	175	172	172	173	175	173	174	175	174	178	181	182	186	186	191	183	199	216	243	0	138	232	196	163	177	174	175	175	176	176	174	175	176	174	175	176	175	178	180	180	181	178	176	168	190	219	243	0	139	229	192	157	172	168	169	173	174	174	171	171	172	174	174	175	176	175	174	175	174	170	171	164	190	221	242	0	139	231	190	156	174	169	170	172	170	169	168	167	168	171	170	171	169	171	172	170	168	169	174	169	189	220	236	0	136	232	186	156	165	166	167	164	163	163	164	164	164	165	168	168	167	165	165	167	171	171	173	170	181	223	233	0	131	226	182	145	161	162	165	165	164	163	163	163	163	161	163	164	163	165	166	164	164	160	166	156	174	221	235	0	83	255	226	213	212	213	215	215	218	221	220	220	220	216	217	216	213	212	213	212	213	212	214	212	217	242	165	0	0	140	200	204	212	211	211	211	204	201	202	201	202	204	208	212	214	213	213	213	211	213	203	200	209	148	0	0	0	0	0	0	0	0	0	0	0	0	0	0	0	0	0	0	0	0	0	0	0	0	0	0	0	0	0	0	0	0	0	0	0	0	0	0	0	0	0	0	0	0	0	0	0	0	0	0	0	0	0	0	0	0	0	0	0	0	0	0	0	0	0	0	0	0	0	0	0	0	0	0	0	0	0	0	0	0	0	0	0	0	0	0
0	0	0	0	0	0	0	0	34	41	137	67	54	78	78	88	186	57	68	0	0	0	0	0	0	0	0	0	0	0	0	1	0	0	51	190	211	186	227	217	196	142	192	215	220	202	215	236	52	0	0	0	0	0	0	0	0	0	0	0	0	83	209	211	201	179	190	232	33	0	17	230	202	183	189	201	218	114	0	0	0	0	0	0	0	0	0	0	0	162	188	148	221	212	168	249	108	0	121	255	188	202	200	180	188	192	0	0	2	0	0	0	0	0	0	0	0	192	200	165	146	216	212	190	221	186	211	172	174	188	184	183	192	219	48	0	2	0	0	0	0	0	0	0	3	209	199	163	99	198	203	205	202	148	188	190	193	196	180	189	201	227	116	0	0	0	0	0	0	0	0	0	34	217	199	174	150	197	195	189	196	170	184	167	182	205	157	183	212	221	155	0	0	0	0	0	0	0	0	0	85	226	203	147	125	170	188	192	185	167	182	141	186	171	146	179	219	213	171	0	0	0	0	0	0	0	0	0	117	229	198	156	169	173	197	195	192	182	192	173	182	186	188	174	225	203	193	1	0	0	0	0	0	0	0	0	144	229	195	186	212	193	203	196	198	177	185	198	188	203	200	172	222	200	200	14	0	0	0	0	0	0	0	0	180	227	201	178	199	202	202	198	198	180	187	193	192	202	204	152	222	204	206	59	0	0	0	0	0	0	0	0	208	226	212	184	208	200	199	199	203	186	193	192	193	204	197	145	213	205	212	100	0	0	0	0	0	0	0	0	221	220	215	184	202	200	199	197	204	179	196	180	199	211	173	166	201	205	211	128	0	0	0	0	0	0	0	0	230	213	209	193	203	197	199	196	202	182	196	176	202	203	160	194	185	205	210	152	0	0	0	0	0	0	0	29	234	204	198	179	198	194	198	195	200	188	177	181	210	195	173	188	180	209	205	179	0	0	0	0	0	0	0	51	230	203	212	176	198	197	199	196	202	181	171	198	201	186	194	182	199	206	202	197	0	0	0	0	0	0	0	72	230	206	200	165	188	185	199	196	203	177	193	200	196	193	183	176	193	206	201	214	0	0	0	0	0	0	0	84	227	203	211	155	128	163	198	194	203	171	197	197	201	180	119	151	198	206	197	226	0	0	0	0	0	0	0	100	225	198	209	193	216	201	194	194	198	179	194	195	193	198	214	204	184	217	194	230	0	0	0	0	0	0	0	120	224	190	196	185	185	186	192	196	197	179	200	194	192	195	185	181	194	218	192	238	26	0	0	0	0	0	0	131	216	192	197	190	188	193	192	198	201	176	200	197	193	198	188	197	198	216	193	236	52	0	0	0	0	0	0	149	211	196	195	189	187	188	190	198	203	174	198	195	197	198	190	199	196	215	194	232	75	0	0	0	0	0	0	162	203	206	196	169	181	185	186	193	193	188	192	188	194	193	189	194	192	210	196	229	110	0	0	0	0	0	0	184	202	200	195	214	219	203	210	208	216	145	204	209	213	212	211	245	203	206	196	204	140	0	0	0	0	0	0	177	177	186	193	39	45	115	116	98	129	32	136	135	126	133	97	32	108	209	188	197	167	0	0	0	0	0	0	194	196	214	186	0	0	0	0	0	0	0	0	0	0	0	0	0	14	211	196	204	201	0	0	0	0	0	0	43	93	144	110	0	0	3	2	2	3	0	1	2	1	1	4	0	1	186	128	101	28	0	0	0	0	0	0	0	0	0	0	0	0	0	0	0	0	0	0	0	0	0	0	0	0	0	0	0	0	0	0	0
0	0	0	0	0	0	0	18	10	0	1	0	0	0	0	0	0	0	37	0	1	0	0	0	0	0	0	0	0	0	0	0	0	0	0	38	51	0	3	0	0	0	0	1	0	10	92	0	2	0	0	0	0	0	0	0	0	0	0	0	0	0	0	0	81	0	2	1	0	0	0	5	0	30	72	0	4	0	0	0	0	0	0	0	0	0	0	0	0	0	0	0	77	19	0	0	2	5	2	0	0	107	60	0	4	0	0	0	0	0	0	0	0	0	0	0	0	0	0	0	109	142	0	2	0	0	0	6	60	149	56	0	2	0	0	0	0	0	0	0	0	0	0	0	0	0	0	0	104	143	73	87	40	32	33	79	75	136	81	0	0	0	0	0	0	0	0	0	0	0	0	0	0	0	0	64	46	174	108	77	70	114	62	80	194	137	75	28	0	0	0	0	0	0	0	0	0	0	0	0	0	0	0	86	151	240	216	124	62	106	57	199	249	193	85	46	0	0	0	0	0	0	0	0	0	0	0	0	0	0	0	113	217	225	229	225	199	209	235	227	212	219	162	14	0	0	0	0	0	0	0	0	0	0	0	0	0	0	0	11	226	202	198	221	231	242	227	193	194	228	177	0	0	0	0	0	0	0	0	0	0	0	0	0	0	0	0	0	255	193	195	181	189	231	192	178	196	220	215	0	0	0	0	0	0	0	0	0	0	0	0	0	0	0	0	0	219	212	207	206	211	208	200	210	201	221	178	0	0	0	0	0	0	0	0	0	0	0	0	0	0	0	0	0	187	214	206	184	198	208	193	201	200	213	122	0	2	0	0	0	0	0	0	0	0	0	0	0	0	0	0	0	166	209	187	194	196	191	191	195	190	207	70	0	1	0	0	0	0	0	0	0	0	0	0	0	0	0	0	0	174	210	192	198	194	205	196	190	194	215	96	0	1	0	0	0	0	0	0	0	0	0	0	0	0	0	0	0	200	210	198	199	197	212	207	194	200	210	129	0	0	0	0	0	0	0	0	0	0	0	0	0	0	0	0	0	218	211	211	195	205	204	186	204	205	212	160	0	0	0	0	0	0	0	0	0	0	0	0	0	0	0	0	0	234	204	205	190	190	202	201	196	198	200	187	0	0	0	0	0	0	0	0	0	0	0	0	0	0	0	0	0	246	198	195	197	194	193	194	192	188	202	214	0	0	0	0	0	0	0	0	0	0	0	0	0	0	0	0	36	253	190	203	189	188	214	198	181	202	190	206	26	0	0	0	0	0	0	0	0	0	0	0	0	0	0	0	91	253	208	213	204	215	216	201	215	218	196	230	90	0	0	0	0	0	0	0	0	0	0	0	0	0	0	0	119	238	202	213	177	195	202	194	185	210	190	221	150	0	0	0	0	0	0	0	0	0	0	0	0	0	0	0	151	224	195	199	199	200	187	197	196	191	189	210	191	0	0	0	0	0	0	0	0	0	0	0	0	0	0	0	191	217	188	210	189	191	207	204	189	199	199	205	232	0	0	0	0	0	0	0	0	0	0	0	0	0	0	0	170	205	199	206	201	204	205	202	203	205	199	193	217	5	0	0	0	0	0	0	0	0	0	0	0	0	0	0	211	211	222	216	198	204	206	196	212	222	210	211	227	83	0	0	0	0	0	0	0	0	0	0	0	0	0	0	168	162	178	88	92	95	48	94	119	75	111	151	138	58	0	0	0	0	0	0	0	0	0	0	0	0	0	0	12	6	8	0	0	0	0	0	0	0	0	0	0	0	0	0	0	0	0	0	0
0	0	0	0	0	0	0	0	0	0	0	0	0	0	0	0	0	0	0	0	0	0	0	0	0	0	0	0	0	0	0	0	0	0	0	0	0	0	0	0	0	0	0	0	0	0	0	0	0	0	0	0	0	0	0	0	0	0	0	0	0	0	0	0	0	0	0	0	0	0	0	0	0	0	0	0	0	0	0	0	0	0	0	0	0	0	0	0	0	0	0	0	0	0	0	0	0	0	0	0	0	0	0	0	0	0	0	0	0	0	0	0	0	0	0	0	0	0	0	0	0	0	0	0	0	0	0	0	0	0	0	0	0	0	0	0	0	0	0	0	0	0	0	0	0	0	0	0	0	0	0	0	0	0	0	0	0	0	0	0	0	0	0	0	0	0	0	0	0	0	0	0	0	0	0	0	0	0	0	0	0	0	0	0	0	0	0	0	0	0	0	0	0	0	0	0	0	0	0	0	0	0	0	0	0	0	0	2	0	1	0	2	1	0	2	0	2	0	0	0	22	46	102	26	0	0	0	0	0	0	0	0	0	0	1	0	1	0	0	0	0	0	0	0	0	0	17	64	92	75	110	55	0	0	0	0	0	0	0	0	2	0	0	0	0	0	1	15	33	66	83	81	38	43	83	77	73	69	107	80	0	0	0	0	0	1	0	0	0	0	0	0	18	21	34	34	31	35	36	107	82	92	67	32	69	109	89	0	0	0	1	1	0	0	0	0	35	41	166	52	0	0	0	2	5	11	0	41	61	72	46	34	97	62	0	0	0	0	0	0	0	11	126	138	163	28	53	21	42	67	67	70	69	52	59	49	62	51	27	62	48	0	0	0	0	0	0	96	129	143	205	131	178	7	42	126	19	0	3	0	0	2	135	65	52	65	13	70	95	94	34	0	0	131	156	205	170	76	121	34	64	32	13	255	110	0	0	7	37	80	92	14	75	65	46	91	108	54	106	46	76	238	141	165	187	25	215	147	182	181	0	151	159	81	86	81	78	80	49	36	73	75	111	90	75	76	135	22	21	154	209	170	228	101	8	137	89	128	34	54	107	72	64	73	77	89	85	62	77	87	106	83	90	115	133	0	2	109	96	41	143	161	0	208	86	120	149	0	93	90	95	103	99	96	83	87	102	93	98	101	93	122	88	0	0	103	147	100	68	64	51	95	169	144	141	36	80	91	73	79	72	106	110	103	112	112	103	101	106	137	41	0	0	0	47	109	133	150	128	80	36	43	51	79	94	116	147	164	167	171	173	158	157	163	179	187	189	130	0	0	0	0	0	0	0	41	87	123	166	154	159	153	140	130	80	45	34	1	0	0	0	0	0	0	0	0	0	0	0	0	0	0	0	0	0	0	0	0	0	0	0	0	0	0	0	0	0	0	0	0	0	0	0	0	0	0	0	0	0	0	0	0	0	0	0	0	0	0	0	0	0	0	0	0	0	0	0	0	0	0	0	0	0	0	0	0	0	0	0	0	0	0	0	0	0	0	0	0	0	0	0	0	0	0	0	0	0	0	0	0	0	0	0	0	0	0	0	0	0	0	0	0	0	0	0	0	0	0	0	0	0	0	0	0	0	0	0	0	0	0	0	0	0	0	0	0	0	0	0	0	0	0	0	0	0	0	0	0	0	0	0	0	0	0	0	0	0	0	0	0	0	0	0	0	0	0	0	0	0	0	0	0	0	0	0	0	0	0	0	0	0	0	0	0	0	0	0	0	0	0	0	0	0	0	0	0	0	0	0	0	0	0	0	0	0	0	0	0	0	0	0	0	0	0
0	0	0	0	0	1	0	0	0	0	0	17	4	0	0	0	0	1	0	0	0	0	5	0	0	0	0	0	0	0	0	0	0	0	0	0	26	114	186	216	230	200	210	196	192	206	146	71	0	0	0	0	0	0	0	0	0	0	0	0	0	0	79	191	222	226	222	213	218	228	212	214	206	216	224	225	209	162	41	0	0	0	0	0	0	0	0	4	0	29	223	219	208	209	208	209	210	210	215	211	213	211	209	207	211	226	199	0	0	0	0	0	0	0	0	3	0	121	225	203	211	213	216	217	223	210	187	224	220	215	215	214	208	205	219	52	0	0	0	0	0	0	0	1	0	156	224	207	212	214	213	171	226	166	109	237	190	201	212	212	212	205	226	117	0	0	0	0	0	0	0	0	0	217	213	211	210	206	218	150	163	161	143	179	128	201	217	208	213	208	224	141	0	0	0	0	0	0	0	0	4	52	32	224	213	206	216	216	157	153	165	156	203	221	209	210	209	210	223	169	0	0	0	0	0	0	0	0	40	188	157	232	213	208	211	235	223	172	185	206	241	218	208	212	209	211	220	186	0	0	0	0	0	0	0	0	68	123	76	219	217	214	217	151	143	145	167	164	144	199	219	210	210	212	218	208	0	0	0	0	0	0	0	0	65	126	110	224	216	215	213	185	188	190	181	193	172	202	216	214	210	213	216	224	0	0	0	0	0	0	0	0	105	112	66	210	217	210	215	229	183	164	179	184	235	222	209	216	209	215	215	236	0	0	0	0	0	0	0	0	211	241	230	221	213	213	219	171	164	215	224	165	162	219	209	216	210	216	213	237	0	0	0	0	0	0	0	0	193	215	207	210	213	217	212	189	192	181	187	191	182	202	215	214	212	218	212	245	11	0	0	0	0	0	0	0	225	215	213	214	215	216	204	167	153	149	151	163	153	195	219	212	216	218	211	248	29	0	0	0	0	0	0	0	239	213	214	215	214	216	213	125	134	137	143	144	124	209	212	214	218	218	211	249	56	0	0	0	0	0	0	8	245	211	216	215	215	211	228	155	138	148	154	134	158	228	207	214	214	220	211	248	77	0	0	0	0	0	0	53	251	209	215	213	215	210	216	218	168	160	160	175	220	215	208	211	216	215	212	246	93	0	0	0	0	0	0	76	251	209	216	219	214	215	211	218	229	218	220	227	215	211	207	210	222	221	209	243	109	0	0	0	0	0	0	98	248	208	219	217	221	209	213	211	210	214	213	211	212	211	210	211	215	213	213	235	131	0	0	0	0	0	0	138	235	208	223	143	233	210	214	213	214	213	214	214	214	213	207	223	193	167	233	227	152	0	0	0	0	0	0	174	226	214	225	60	246	212	214	214	214	214	214	214	214	213	204	235	171	118	248	219	153	0	0	0	0	0	0	190	215	216	224	28	253	211	214	215	215	216	215	216	215	214	204	244	157	79	253	214	154	0	0	0	0	0	0	193	210	217	221	0	251	216	214	215	216	215	214	214	215	215	202	252	129	60	254	211	169	0	0	0	0	0	0	190	216	223	184	0	254	212	213	214	215	215	215	215	216	217	208	254	59	6	228	215	166	0	0	0	0	0	0	70	218	222	54	0	231	216	211	213	210	209	208	209	209	214	205	254	10	0	223	223	76	0	0	0	0	0	0	82	235	230	12	0	225	241	228	253	253	253	253	253	253	225	226	255	0	0	255	233	95	0	0	0	0	0	0	19	83	82	0	0	69	112	93	95	95	94	95	107	121	140	135	128	0	0	0	49	5	0	0	0
0	0	0	0	0	0	0	0	0	0	0	0	0	0	0	0	0	0	0	0	0	0	0	0	0	0	0	0	0	0	0	0	0	0	0	0	0	0	0	0	0	0	0	0	0	2	3	4	5	4	0	45	34	0	1	0	0	0	0	0	0	0	0	0	0	0	0	0	0	0	2	2	0	0	0	0	0	0	0	216	155	0	5	0	0	0	0	0	0	0	0	0	0	0	0	0	0	0	0	0	2	20	27	41	52	44	48	185	126	0	1	0	0	0	0	0	0	0	0	0	0	0	0	1	0	0	78	133	137	181	155	163	211	211	186	195	121	0	0	2	0	0	0	0	0	0	0	0	0	1	0	3	0	99	178	157	144	167	162	164	211	194	190	194	187	5	0	2	0	0	0	0	0	0	0	0	0	0	1	1	0	176	178	170	146	139	92	58	98	102	127	199	203	6	0	3	0	0	0	0	0	0	0	0	0	2	5	0	27	193	72	25	0	0	0	0	60	44	20	185	210	89	0	0	0	0	0	0	0	0	0	0	0	1	4	0	64	73	8	0	0	0	1	104	147	57	61	154	204	194	25	0	0	0	0	0	0	0	0	0	1	2	3	0	42	53	63	7	0	0	44	83	45	0	0	70	185	184	159	0	0	0	0	0	0	0	0	0	1	1	2	0	36	97	59	101	117	110	136	126	97	102	97	118	190	187	206	33	0	0	0	0	0	0	0	0	0	5	0	35	201	180	150	170	196	164	149	164	196	204	195	199	220	191	202	57	0	0	0	0	0	0	0	0	0	4	0	120	182	161	153	167	162	138	137	167	206	206	186	189	194	185	200	22	0	0	0	0	0	0	0	0	1	0	0	172	164	105	58	146	196	181	180	85	71	74	73	171	168	163	164	0	0	0	0	0	0	0	0	0	1	0	15	72	0	24	0	0	155	128	102	86	0	0	156	212	157	158	134	0	0	0	0	0	0	0	0	0	0	0	133	176	111	133	147	32	8	79	116	95	109	255	213	110	158	178	101	0	0	0	0	0	0	0	0	2	0	10	203	154	149	168	196	190	173	171	183	166	214	166	0	0	34	215	50	0	0	0	1	0	0	1	0	3	0	93	187	146	152	183	184	159	155	167	171	195	154	0	0	0	0	218	42	0	0	0	1	0	0	1	0	4	0	134	174	82	126	180	142	166	173	174	174	187	1	0	2	0	0	224	32	0	0	0	0	0	0	0	3	0	5	165	144	65	81	108	36	11	36	135	219	16	0	6	1	0	0	225	14	0	0	0	0	0	0	1	3	0	145	164	107	177	143	136	64	32	52	231	127	0	3	3	3	0	2	224	6	0	0	1	1	0	2	4	0	60	210	137	148	176	147	171	205	150	203	204	0	0	2	0	2	0	10	223	2	0	1	0	1	1	0	0	82	157	80	92	157	168	149	180	186	161	209	85	0	8	0	0	3	0	12	220	0	0	2	3	3	0	8	163	174	133	71	0	0	137	133	166	153	182	185	0	0	1	0	0	3	0	16	216	0	0	0	0	0	0	1	150	99	120	168	39	6	181	109	38	129	224	19	0	2	0	0	0	2	0	21	213	0	0	27	115	115	108	135	197	143	153	193	218	104	116	109	154	235	45	0	3	0	1	1	0	3	0	22	205	0	0	50	192	184	178	177	192	200	205	192	186	185	205	223	225	72	0	5	0	0	0	0	0	4	0	40	223	0	1	0	0	21	46	68	70	80	90	119	127	106	136	93	8	0	6	3	0	0	0	1	0	2	0	27	142	0	0
0	0	0	0	0	0	0	0	0	0	0	0	0	0	0	0	0	0	0	0	0	0	0	0	0	0	0	0	0	0	0	0	0	0	0	0	0	0	0	0	0	0	0	0	0	0	0	0	0	0	0	0	0	0	0	0	0	0	0	0	0	0	0	0	0	0	0	0	0	0	0	0	0	0	0	0	0	0	0	0	0	0	0	0	0	0	0	0	0	0	0	0	0	0	0	0	0	0	0	0	0	0	0	0	0	0	0	0	0	0	0	0	0	0	0	0	0	0	0	0	0	0	1	0	1	0	1	0	1	1	1	1	0	73	97	0	2	3	1	0	0	0	0	0	0	0	0	0	0	0	1	0	1	0	1	0	1	1	0	0	92	172	176	46	0	2	1	0	0	0	0	0	0	0	0	0	0	0	0	0	0	0	0	1	0	0	27	185	180	162	168	162	21	0	3	0	0	0	0	0	0	0	0	0	0	0	0	0	0	0	1	0	0	116	169	179	179	135	144	170	156	34	0	6	0	0	0	0	0	0	0	0	0	0	0	0	0	0	2	0	112	211	178	170	122	123	156	190	176	16	0	1	0	0	0	0	0	0	0	0	0	0	0	0	0	0	0	57	183	195	168	90	139	170	216	141	0	0	0	0	0	0	0	0	0	0	0	0	0	0	1	2	0	0	32	219	186	169	184	98	145	193	170	0	0	18	137	74	0	0	0	0	1	0	0	0	0	0	1	0	0	65	196	156	162	199	163	216	236	129	0	59	163	219	197	82	1	1	1	0	1	0	0	0	0	1	0	2	137	206	173	187	148	160	215	199	99	82	192	230	186	172	184	68	1	1	0	2	2	0	1	0	2	160	162	180	199	157	157	188	181	165	197	7	101	244	215	180	181	176	215	69	0	0	0	0	1	0	4	0	41	162	157	168	161	157	166	150	202	186	0	167	255	104	137	209	177	178	212	68	0	0	0	2	4	0	2	0	115	156	153	162	162	165	171	164	201	85	160	253	66	0	160	202	174	190	210	68	1	0	0	0	1	6	0	18	165	151	155	157	157	166	173	177	180	178	241	41	0	0	184	190	178	179	212	72	1	1	0	3	3	0	0	139	166	151	162	164	160	167	183	188	178	187	71	0	1	0	182	194	183	176	208	70	0	0	0	0	0	43	167	169	146	153	165	170	171	172	181	181	194	130	0	0	0	0	179	190	184	182	209	69	1	6	0	16	151	192	162	138	150	156	168	174	176	182	173	177	202	5	0	2	0	0	182	186	181	181	211	72	0	0	0	124	174	153	151	158	166	173	171	168	170	172	170	192	61	0	0	1	0	0	184	181	178	177	203	71	43	80	60	160	166	166	167	163	160	161	161	162	166	176	189	112	0	1	0	1	1	0	162	183	173	177	185	74	65	178	139	164	174	178	209	200	197	205	196	201	210	212	104	0	0	3	0	2	0	0	194	178	166	194	210	75	0	0	0	0	13	23	30	39	52	75	86	86	69	13	0	0	1	0	0	0	0	0	37	34	21	20	24	0	0	0	0	0	0	0	0	0	0	0	0	0	0	0	0	0	0	0	0	0	0	0	0	0	0	0	0	0	0	0	0	0	0	0	0	0	0	0	0	0	0	0	0	0	0	0	0	0	0	0	0	0	0	0	0	0	0	0	0	0	0	0	0	0	0	0	0	0	0	0	0	0	0	0	0	0	0	0	0	0	0	0	0	0	0	0	0	0	0	0	0	0	0	0	0	0	0	0	0	0	0	0	0	0	0	0	0	0	0	0	0	0
0	0	0	0	0	0	0	0	0	0	0	21	42	201	251	70	67	0	0	0	0	0	0	0	0	0	0	0	0	0	0	0	0	0	0	0	0	7	53	92	81	120	131	95	120	74	38	10	0	0	0	0	0	0	0	0	0	0	0	0	0	0	0	0	0	77	85	67	63	24	7	81	63	70	120	74	0	0	0	0	0	0	0	0	0	0	0	0	0	0	0	0	0	35	63	56	53	77	95	60	67	67	92	0	0	0	0	0	0	0	0	0	0	0	0	0	0	0	0	0	0	0	67	49	60	49	46	56	74	77	53	0	0	0	0	0	0	0	0	0	0	0	0	0	0	0	0	0	0	0	56	42	46	38	38	42	60	95	24	0	0	0	0	0	0	0	0	0	0	0	0	0	0	0	0	0	0	0	38	46	17	28	24	28	24	88	7	0	0	0	0	0	0	0	0	0	0	0	0	0	0	0	0	0	0	0	28	53	10	31	24	24	38	85	0	0	0	0	0	0	0	0	0	0	0	0	0	0	0	0	0	0	0	0	10	81	28	24	31	38	63	99	0	0	0	0	0	0	0	0	0	0	0	0	0	0	0	0	0	0	0	0	0	0	0	3	0	0	0	10	0	0	0	0	0	0	0	0	0	0	0	0	0	0	0	0	0	0	0	0	28	233	131	0	74	145	219	208	0	0	0	0	0	0	0	0	0	0	0	0	0	0	0	0	0	0	0	0	0	230	170	106	152	180	247	216	0	0	0	0	0	0	0	0	0	0	0	0	0	0	0	0	0	0	0	0	49	141	92	109	109	102	131	173	10	0	0	0	0	0	0	0	0	0	0	0	0	0	0	0	0	0	0	0	116	173	99	106	120	138	145	212	67	0	0	0	0	0	0	0	0	0	0	0	0	0	0	0	0	0	0	0	131	131	116	116	106	120	113	184	145	0	0	0	0	0	0	0	0	0	0	0	0	0	0	0	0	0	0	0	162	127	109	116	102	123	127	145	177	0	0	0	0	0	0	0	0	0	0	0	0	0	0	0	0	0	0	0	166	127	113	109	102	116	138	138	166	0	0	0	0	0	0	0	0	0	0	0	0	0	0	0	0	0	0	0	166	116	116	120	120	113	141	155	191	0	0	0	0	0	0	0	0	0	0	0	0	0	0	0	0	0	0	7	180	116	116	120	120	109	127	138	208	0	0	0	0	0	0	0	0	0	0	0	0	0	0	0	0	0	0	3	198	123	113	113	123	123	127	141	208	0	0	0	0	0	0	0	0	0	0	0	0	0	0	0	0	0	0	0	194	123	116	116	123	127	123	152	216	0	0	0	0	0	0	0	0	0	0	0	0	0	0	0	0	0	0	3	191	127	120	123	127	131	123	159	226	0	0	0	0	0	0	0	0	0	0	0	0	0	0	0	0	0	0	0	201	134	127	134	131	131	120	170	226	0	0	0	0	0	0	0	0	0	0	0	0	0	0	0	0	0	0	0	198	138	131	134	134	138	127	177	230	0	0	0	0	0	0	0	0	0	0	0	0	0	0	0	0	0	0	0	198	148	134	141	138	141	131	184	237	0	0	0	0	0	0	0	0	0	0	0	0	0	0	0	0	0	0	0	198	145	131	138	141	138	134	180	223	0	0	0	0	0	0	0	0	0	0	0	0	0	0	0	0	0	0	0	208	173	152	152	155	148	148	194	255	0	0	0	0	0	0	0	0	0	0	0	0	0	0	0	0	0	0	0	123	148	141	141	148	145	141	184	173	0	0	0	0	0	0	0	0	0
0	0	0	0	0	0	0	1	1	0	0	48	52	34	17	55	38	0	0	0	0	0	0	0	0	0	0	0	0	0	0	0	0	1	5	0	0	0	0	125	157	75	115	124	78	0	0	0	0	1	0	0	0	0	0	0	0	0	0	0	0	0	0	0	19	52	96	71	134	241	188	69	66	82	43	15	0	0	0	0	0	0	0	0	0	0	0	0	0	0	29	92	94	99	83	89	106	251	134	62	54	55	61	78	76	26	0	0	0	0	0	0	0	0	0	0	0	47	125	68	50	50	50	61	57	221	90	40	47	48	54	41	54	99	27	0	0	0	0	0	0	0	0	0	0	94	83	47	54	59	52	48	55	92	31	40	52	50	45	50	41	50	48	0	0	0	0	0	0	0	0	0	1	94	78	76	48	59	59	55	54	76	50	52	47	48	55	47	57	50	55	1	0	0	0	0	0	0	0	0	0	96	85	110	48	52	57	57	55	64	59	55	50	43	50	36	59	62	59	1	0	0	0	0	0	0	0	0	6	101	59	185	78	48	62	59	57	62	64	55	54	50	50	27	104	50	57	5	0	0	0	0	0	0	0	0	20	104	41	216	71	55	64	59	54	55	68	57	57	47	40	31	197	38	54	6	0	0	0	0	0	0	0	0	41	99	59	214	43	66	62	61	61	66	68	59	55	47	47	29	235	38	52	15	0	0	0	0	0	0	0	0	55	85	78	221	34	71	62	64	68	73	69	55	50	47	47	17	186	55	43	22	0	0	0	0	0	0	0	0	55	92	111	227	45	73	59	64	68	69	68	55	48	47	48	17	165	71	38	22	0	0	0	0	0	0	0	0	50	120	151	207	57	68	59	68	73	69	62	54	54	45	43	13	190	89	33	29	0	0	0	0	0	0	0	0	76	104	151	162	55	69	62	68	69	75	64	50	48	45	45	12	200	90	55	50	0	0	0	0	0	0	0	0	82	136	141	190	78	68	64	68	69	71	64	52	47	48	45	13	66	83	71	34	0	0	0	0	0	0	0	0	75	120	186	155	38	76	64	66	68	66	64	54	41	47	48	12	92	113	55	36	0	0	0	0	0	0	0	8	99	64	155	129	24	78	71	71	66	66	57	52	50	40	48	8	99	162	47	47	10	0	0	0	0	0	0	50	82	54	162	104	31	78	75	76	68	82	59	54	54	48	43	8	43	167	22	34	3	0	0	0	0	0	0	36	75	57	165	47	34	78	73	71	75	82	52	52	59	45	50	15	38	172	29	43	10	0	0	0	0	0	0	108	59	50	148	255	66	71	76	71	80	89	52	52	66	57	52	10	76	186	26	29	36	0	0	0	0	0	0	64	69	52	183	158	26	78	73	66	73	85	66	48	50	50	59	15	50	204	22	34	43	0	0	0	0	0	0	13	80	73	132	1	62	71	68	61	73	75	57	43	40	40	50	34	6	115	50	54	12	0	0	0	0	0	0	0	0	0	0	0	83	59	66	68	80	80	52	52	47	40	38	43	0	0	0	0	0	0	0	0	0	0	0	0	0	3	0	13	89	59	76	55	96	92	48	69	66	55	29	43	3	0	3	1	0	0	0	0	0	0	0	0	1	0	0	5	87	59	38	36	96	61	34	31	29	36	40	31	1	0	0	0	0	0	0	0	0	0	0	0	0	0	0	0	17	134	136	115	143	122	99	90	85	94	66	8	0	0	0	0	0	0	0	0	0	0	0	0	0	0	0	0	0	13	73	78	71	90	78	92	89	38	1	0	1	0	0	1	0	0	0	0
0	0	0	0	0	0	0	0	0	0	0	0	0	1	0	1	0	0	0	0	0	0	13	37	105	3	0	0	0	0	0	0	0	0	0	0	0	1	2	0	0	0	0	0	0	0	23	47	120	111	66	47	89	34	0	0	0	0	0	0	0	0	0	0	0	0	0	0	0	47	96	156	146	172	150	114	110	92	25	0	96	99	0	0	0	0	0	0	0	0	0	0	0	0	37	41	22	137	108	106	71	78	66	31	2	0	0	0	0	102	0	0	0	0	0	0	0	0	0	0	0	0	75	47	23	9	15	60	54	39	0	0	0	1	0	0	0	83	39	0	0	0	0	0	0	0	0	0	0	0	44	98	83	51	132	16	0	0	0	0	0	2	1	2	0	35	93	0	0	0	0	0	0	0	0	0	0	0	0	0	0	0	162	136	0	4	0	0	0	1	0	1	0	3	97	19	0	0	0	0	0	0	0	0	0	1	2	0	0	2	108	126	0	0	1	3	2	0	1	1	0	0	96	37	0	0	0	0	0	0	0	0	0	1	0	1	0	18	55	139	57	0	0	0	0	0	0	0	0	0	98	38	0	0	0	0	0	0	0	0	0	2	1	0	0	13	92	125	32	0	0	2	0	0	0	0	0	20	99	31	0	0	0	0	0	0	0	0	0	0	0	2	2	17	99	83	149	216	156	98	134	95	79	76	31	103	151	32	0	0	0	0	0	0	0	0	0	16	53	71	82	98	142	120	135	143	103	156	153	75	92	20	77	88	42	26	0	0	0	0	0	0	1	0	4	76	83	119	124	126	114	125	140	103	134	78	9	66	32	63	98	4	24	27	0	0	0	0	0	0	1	0	4	102	64	24	95	102	128	121	127	146	69	3	74	54	99	74	46	53	37	18	0	0	0	0	0	0	0	0	0	6	4	5	177	112	155	128	103	61	1	71	78	110	3	0	0	57	38	18	0	0	0	0	0	0	1	1	0	2	0	41	224	98	130	112	124	112	6	76	112	0	0	2	0	39	46	16	0	0	0	0	2	0	0	0	0	0	0	98	119	133	255	27	2	121	99	120	0	0	2	1	0	39	60	5	0	0	0	0	1	1	1	0	35	69	46	70	150	197	24	0	22	42	130	0	0	2	1	2	0	40	52	1	0	0	0	0	0	2	1	0	55	91	86	84	118	84	98	108	91	104	47	0	1	0	0	1	0	63	62	0	0	0	0	0	0	0	0	0	0	0	26	98	118	42	47	39	135	108	0	0	0	1	1	3	0	96	97	0	0	0	1	1	0	11	42	74	31	0	5	0	0	0	17	33	108	42	0	0	0	0	0	2	0	85	91	0	0	1	0	1	0	55	83	18	35	0	0	0	0	0	52	85	106	0	0	0	0	0	1	1	0	75	75	0	2	1	0	0	0	25	108	0	33	2	0	0	0	0	56	82	54	0	0	0	0	0	0	9	0	83	99	0	0	0	0	0	0	1	151	62	16	35	12	11	4	64	53	115	0	0	0	0	0	0	0	4	0	59	81	0	45	54	35	42	31	22	191	143	154	158	49	77	95	61	107	47	0	0	0	0	0	0	2	6	0	45	82	0	61	92	75	77	78	53	68	79	95	27	68	93	88	96	52	0	1	0	0	0	0	0	0	4	0	59	146	0	0	0	2	16	24	35	25	44	46	70	85	68	31	13	0	0	0	1	0	0	0	0	0	0	0	0	0	0	0	0	0	0	0	0	0	0	0	0	0	0	0	0	2	0	0	1	0	0	0	0	0	0	0	3	3	0
0	0	0	1	0	0	0	0	0	0	118	80	162	208	200	161	197	164	3	0	1	2	0	1	0	0	0	0	0	0	0	0	0	0	1	1	0	186	226	219	232	226	235	246	233	218	232	0	0	1	1	2	0	0	0	0	0	0	0	0	0	3	0	0	0	234	217	216	255	249	245	225	206	219	255	0	0	0	3	0	0	0	0	0	0	0	0	1	1	0	0	52	114	212	224	108	102	194	223	209	225	240	208	66	17	0	0	3	0	0	0	0	0	0	0	3	0	1	172	183	176	132	157	211	138	198	212	233	231	234	213	199	236	204	0	0	0	0	0	0	0	0	0	0	0	194	185	115	177	230	101	155	130	223	212	100	84	145	214	213	188	231	154	0	0	0	0	0	0	0	0	0	19	172	193	235	199	86	129	136	77	178	98	78	169	136	220	214	85	180	216	20	0	0	0	0	0	0	0	0	76	142	138	206	122	77	144	179	186	232	127	142	186	157	125	134	169	198	194	97	0	0	0	0	0	0	0	0	90	188	133	164	148	171	158	91	72	148	235	147	146	116	102	121	196	195	172	139	0	0	0	0	0	0	0	0	97	138	124	208	221	183	210	225	241	225	194	254	195	153	190	255	208	197	247	154	0	0	0	0	0	0	0	0	129	101	200	248	224	217	241	184	153	168	220	194	170	183	123	173	184	158	182	222	0	0	0	0	0	0	0	0	248	224	183	219	251	126	168	87	80	103	162	142	216	253	167	167	205	97	147	216	0	0	0	0	0	0	0	0	213	208	206	148	99	76	137	195	254	224	194	253	228	141	118	170	207	120	203	197	0	0	0	0	0	0	0	0	255	238	231	183	79	112	147	235	156	204	222	123	56	158	218	205	204	243	212	203	0	0	0	0	0	0	0	0	177	209	230	240	230	220	184	157	115	185	229	238	100	103	144	214	220	219	203	199	11	0	0	0	0	0	0	26	215	212	221	239	240	204	136	144	226	223	214	239	245	156	202	227	236	194	171	255	35	0	0	0	0	0	0	58	255	187	175	178	195	217	81	153	255	166	168	226	187	206	252	148	206	218	197	227	9	0	0	0	0	0	0	62	254	197	204	183	106	114	146	179	212	199	117	167	244	224	237	180	222	203	175	152	27	0	0	0	0	0	0	81	255	222	218	235	158	159	220	253	65	112	152	107	241	181	133	140	162	252	152	144	59	0	0	0	0	0	0	33	226	239	228	193	205	128	71	161	198	137	253	208	152	158	156	158	135	232	135	221	108	0	0	0	0	0	0	56	89	219	239	155	240	150	89	47	172	190	227	203	183	172	108	254	164	178	212	200	51	0	0	0	0	0	0	72	184	211	253	44	235	232	219	190	222	162	175	253	242	197	223	239	80	254	221	219	57	0	0	0	0	0	0	127	255	213	228	65	226	167	229	236	113	112	214	162	217	218	227	193	79	190	133	144	141	0	0	0	0	0	0	116	192	190	168	97	182	129	81	116	115	146	155	208	203	196	212	255	77	186	224	152	116	0	0	0	0	0	0	95	221	251	150	102	255	113	127	163	169	184	173	138	90	126	107	231	123	167	229	232	118	0	0	0	0	0	0	105	196	252	157	0	192	187	119	108	156	201	150	94	91	100	83	95	23	213	215	235	117	0	0	0	0	0	0	70	163	244	151	0	0	0	0	0	0	0	0	0	0	0	0	0	0	219	230	202	97	0	0	0	0	0	0	31	180	195	28	0	4	1	0	0	0	0	0	0	0	1	0	1	0	104	226	190	11	0	0	0
0	0	0	0	0	0	0	0	0	0	31	4	0	0	0	0	0	31	0	0	0	0	0	0	0	0	0	0	0	0	0	0	0	0	0	0	68	168	170	198	166	159	173	132	156	190	151	51	0	0	0	0	0	0	0	0	0	0	0	0	0	5	0	51	203	159	146	157	153	153	155	172	163	140	172	190	57	0	2	0	0	0	0	0	0	0	0	0	0	1	0	116	195	195	165	167	111	20	146	118	128	149	167	197	145	0	0	0	0	0	0	0	0	0	0	0	0	0	0	204	199	215	169	200	164	132	159	155	187	224	198	182	206	0	0	0	0	0	0	0	0	0	0	0	0	0	0	165	208	205	189	219	197	219	182	206	215	200	169	182	193	39	0	0	0	0	0	0	0	0	0	0	0	0	19	142	210	238	228	197	242	166	174	199	203	215	221	179	179	109	0	0	0	0	0	0	0	0	0	0	0	0	54	205	180	187	219	197	225	161	239	221	214	224	199	191	163	151	0	0	0	0	0	0	0	0	0	0	0	0	101	207	195	103	230	202	151	156	213	220	219	182	190	165	192	190	0	0	0	0	0	0	0	0	0	0	0	0	98	208	229	64	254	210	204	195	204	204	232	187	130	162	194	166	0	0	0	0	0	0	0	0	0	0	0	0	106	204	210	9	255	229	215	224	202	216	232	251	88	166	218	173	0	0	0	0	0	0	0	0	0	0	0	0	172	226	190	0	254	202	232	216	197	169	225	255	110	95	225	158	0	0	0	0	0	0	0	0	0	0	0	0	82	188	179	3	255	173	217	214	166	243	203	255	85	85	215	156	0	0	0	0	0	0	0	0	0	0	0	0	141	219	141	38	254	196	215	156	193	228	223	208	123	167	227	224	0	0	0	0	0	0	0	0	0	0	0	5	236	188	139	136	241	191	182	153	189	203	215	218	153	235	213	245	9	0	0	0	0	0	0	0	0	0	0	39	179	162	220	223	241	210	220	230	209	200	225	234	207	182	204	248	50	0	0	0	0	0	0	0	0	0	0	97	171	189	240	170	224	219	216	174	204	203	191	217	220	190	224	248	95	0	0	0	0	0	0	0	0	0	0	120	183	204	228	206	233	230	232	216	234	166	192	199	237	201	211	129	146	0	0	0	0	0	0	0	0	0	0	192	114	243	167	229	202	152	155	201	143	185	248	222	123	167	219	140	181	0	0	0	0	0	0	0	0	0	0	102	131	217	187	235	207	237	207	186	224	171	220	203	88	235	255	198	153	0	0	0	0	0	0	0	0	0	0	0	8	0	183	235	217	210	146	100	233	176	181	225	206	229	50	0	0	0	0	0	0	0	0	0	0	0	0	0	0	0	212	180	218	205	232	202	213	205	245	212	211	231	0	0	0	0	0	0	0	0	0	0	0	0	0	3	0	54	255	194	247	219	239	198	226	224	230	222	218	215	68	0	2	0	0	0	0	0	0	0	0	0	0	1	0	135	224	198	226	220	243	205	219	156	212	240	163	125	206	0	0	0	0	0	0	0	0	0	0	0	0	0	0	129	237	190	214	214	242	231	161	167	240	146	175	193	209	0	0	0	0	0	0	0	0	0	0	0	0	0	0	159	226	231	213	203	238	230	213	186	223	206	215	203	179	0	0	0	0	0	0	0	0	0	0	0	0	0	32	216	229	227	249	235	255	255	202	221	255	255	205	219	191	16	0	0	0	0	0	0	0	0	0	0	0	0	0	95	83	3	27	12	9	23	28	0	8	0	0	83	66	0	0	0	0	0	0	0
0	0	0	0	0	0	0	0	0	0	0	0	0	0	0	0	0	0	0	0	0	0	0	0	0	0	0	0	0	0	0	0	0	0	0	0	0	0	0	0	0	0	0	0	0	0	0	0	0	0	0	0	0	0	0	0	0	0	0	0	0	0	0	0	0	0	0	0	0	0	0	0	0	0	0	0	0	0	0	0	0	0	0	0	0	0	0	0	0	0	0	0	0	0	0	0	0	0	0	0	0	0	0	0	0	0	0	0	0	0	0	0	0	0	0	0	0	0	0	0	0	0	0	0	0	0	0	0	0	0	0	0	0	0	0	0	0	0	0	0	0	0	0	0	0	0	0	0	0	0	0	0	0	0	0	0	0	0	0	0	0	0	0	0	0	0	0	0	0	0	0	0	0	0	0	0	0	0	0	0	0	0	0	0	0	0	0	0	0	0	0	0	0	0	0	0	0	0	0	0	0	0	0	0	0	0	0	0	0	0	0	0	0	0	0	0	0	0	0	0	0	0	0	0	0	0	0	0	0	0	0	0	0	0	0	0	0	0	0	0	0	0	0	0	0	0	0	0	0	0	0	0	0	0	0	0	0	0	0	0	0	0	0	0	46	108	84	0	0	0	2	0	0	0	0	0	0	0	0	0	0	0	0	0	0	0	0	0	0	0	0	8	230	124	115	59	0	2	0	0	0	0	0	0	8	2	0	0	0	0	0	0	0	0	0	0	0	0	28	164	130	161	102	75	0	0	0	0	0	0	0	84	141	90	2	0	0	0	0	0	0	0	0	0	0	4	79	46	106	177	90	208	139	15	0	0	0	0	0	168	239	121	0	0	0	0	0	0	0	0	0	6	26	57	230	113	79	77	88	57	86	82	70	90	148	179	35	117	148	97	0	0	0	0	0	4	13	31	42	37	51	59	42	57	46	51	62	64	64	77	117	144	106	139	255	230	179	153	22	0	2	19	35	35	46	55	53	53	44	110	139	97	102	110	119	126	150	150	144	153	144	113	82	82	135	159	88	0	28	57	66	70	66	73	79	102	97	130	155	148	157	161	150	170	164	155	150	148	164	186	179	170	148	137	144	0	57	59	42	48	51	57	64	79	93	95	113	128	133	159	141	146	133	124	121	113	115	121	130	137	135	106	82	35	53	93	104	97	93	88	75	68	59	55	59	57	53	46	46	55	55	62	64	64	70	73	68	62	68	73	88	55	0	0	19	24	28	44	53	59	64	62	57	55	53	59	59	53	53	42	39	44	46	44	42	48	51	35	22	0	0	0	0	0	0	0	0	0	0	0	0	0	0	0	0	0	0	0	0	0	0	0	0	0	0	0	0	0	0	0	0	0	0	0	0	0	0	0	0	0	0	0	0	0	0	0	0	0	0	0	0	0	0	0	0	0	0	0	0	0	0	0	0	0	0	0	0	0	0	0	0	0	0	0	0	0	0	0	0	0	0	0	0	0	0	0	0	0	0	0	0	0	0	0	0	0	0	0	0	0	0	0	0	0	0	0	0	0	0	0	0	0	0	0	0	0	0	0	0	0	0	0	0	0	0	0	0	0	0	0	0	0	0	0	0	0	0	0	0	0	0	0	0	0	0	0	0	0	0	0	0	0	0	0	0	0	0	0	0	0	0	0	0	0	0	0	0	0	0	0	0	0	0	0	0	0	0	0	0	0	0	0	0	0	0	0	0	0	0	0	0	0	0	0	0	0	0	0	0	0	0	0	0	0	0	0	0	0	0	0	0	0	0	0	0	0	0	0	0	0	0	0	0	0
0	0	0	0	0	0	0	0	0	0	0	0	0	0	0	0	0	0	0	0	0	0	0	0	0	0	0	0	0	0	0	0	0	0	0	5	0	26	94	2	0	0	0	0	8	68	67	0	0	0	0	0	0	0	0	0	0	0	0	0	0	0	57	116	54	0	207	181	168	211	226	177	236	137	0	55	106	45	0	0	0	0	0	0	0	0	0	0	0	68	123	69	112	0	37	183	179	197	209	189	198	43	0	103	78	115	71	0	0	0	0	0	0	0	0	0	33	128	87	63	101	38	0	83	181	159	150	174	83	0	66	83	73	62	117	31	0	0	2	0	1	0	0	0	96	96	116	58	90	74	0	0	100	131	123	116	0	29	94	69	73	66	91	92	0	0	0	0	0	0	0	67	93	86	149	50	90	37	9	26	0	120	33	23	0	28	90	66	68	68	83	95	34	0	0	0	0	0	20	103	75	87	164	71	81	67	59	19	31	27	34	25	2	71	83	66	67	68	101	71	89	1	0	0	0	0	77	111	73	79	160	75	87	71	90	41	0	0	51	29	0	81	75	69	73	73	105	64	93	45	0	0	0	4	103	87	91	84	131	78	91	88	73	106	44	22	69	30	88	92	70	70	76	76	90	86	69	78	0	0	0	61	100	90	95	93	123	81	95	106	77	92	13	44	55	11	100	70	82	68	74	71	98	86	73	99	28	0	0	93	81	82	83	103	103	86	95	100	71	90	116	0	11	107	79	69	81	77	67	71	128	74	84	87	70	0	39	125	89	75	99	123	94	87	98	94	82	88	87	67	94	86	79	71	78	84	61	79	142	67	95	90	88	39	0	31	103	110	102	134	106	93	102	92	79	81	89	94	87	86	89	76	73	90	61	81	159	64	128	104	49	16	0	0	0	62	131	162	155	88	93	84	86	86	90	88	89	93	84	77	71	88	59	105	254	116	52	1	0	0	0	3	0	0	2	99	181	89	95	88	86	84	90	91	90	91	87	80	68	84	78	77	58	0	0	0	0	0	1	0	1	0	0	0	37	117	90	89	88	88	93	93	92	94	88	81	74	78	96	57	0	0	2	1	0	0	1	1	1	1	1	0	52	110	89	90	89	90	96	96	95	95	91	78	79	79	95	69	0	0	0	0	0	0	0	1	2	1	1	0	49	107	95	91	91	91	99	98	95	95	90	78	74	78	98	69	0	0	0	0	0	0	0	0	0	0	0	0	47	117	91	91	95	90	100	102	96	95	93	84	76	80	95	68	0	0	0	0	0	0	0	0	0	0	1	0	45	115	91	93	95	90	105	106	98	98	96	87	76	78	96	69	0	0	0	0	0	0	0	0	1	1	1	0	47	119	94	94	95	88	113	107	94	98	98	84	76	79	96	69	0	0	0	0	0	0	0	0	1	1	1	0	45	122	98	92	93	84	116	111	93	99	100	83	77	78	96	68	0	0	0	0	0	0	0	0	0	0	1	0	49	123	93	95	96	88	120	115	94	105	107	89	73	82	100	69	0	0	1	1	0	0	0	0	0	0	1	0	50	119	76	79	71	65	99	98	76	87	87	71	58	75	94	76	0	0	1	1	0	0	0	0	0	0	0	0	46	144	129	142	147	143	151	158	144	144	143	131	102	82	111	82	0	0	1	1	0	0	0	0	0	0	1	0	0	37	49	61	65	69	76	87	87	91	96	110	77	14	45	37	0	0	0	0	0	0	0	0	0	0	0	0	0	0	0	0	0	0	0	0	0	0	0	0	0	0	0	0	0	0	0	0	0	0
0	0	0	0	0	0	0	0	22	6	0	1	0	0	0	0	1	0	0	14	0	0	0	0	0	0	0	0	0	0	0	0	0	0	1	0	0	13	4	2	0	0	5	0	0	3	0	8	3	0	0	0	0	0	0	0	0	0	0	0	0	1	0	0	43	99	0	2	2	3	2	0	190	160	194	0	0	0	0	0	0	0	0	0	0	0	0	0	0	5	0	77	158	100	0	2	0	0	0	134	216	114	215	0	0	0	0	0	0	0	0	0	0	0	0	0	0	3	0	88	94	89	0	0	0	0	161	242	213	213	226	0	0	0	0	0	0	0	0	0	0	0	0	0	1	0	2	55	37	135	0	0	95	246	238	222	226	223	240	197	0	0	4	0	0	0	0	0	0	0	0	0	5	0	84	95	0	255	20	223	255	226	221	226	225	221	222	255	118	0	0	4	0	0	0	0	0	0	0	0	0	0	193	236	116	255	255	238	224	225	230	228	230	226	226	226	240	170	0	0	2	0	0	0	0	0	0	0	0	24	239	232	243	232	227	228	233	235	232	230	234	234	223	228	222	255	145	0	7	0	0	0	0	0	0	0	0	11	233	232	227	232	232	231	234	235	236	235	236	241	254	237	230	238	196	0	0	0	0	0	0	0	0	0	0	0	239	236	228	232	230	230	232	234	237	237	231	255	222	250	236	234	212	0	0	0	0	0	0	0	0	0	0	0	243	234	228	232	229	230	232	231	232	233	231	255	0	97	254	225	235	25	0	0	0	0	0	0	0	0	0	0	253	233	228	229	230	230	230	230	230	224	255	172	0	0	255	233	244	104	0	0	0	0	0	0	0	0	0	76	242	228	231	229	230	230	230	230	231	227	255	73	0	0	151	249	240	175	0	0	0	0	0	0	0	0	0	228	240	228	232	231	230	230	230	229	232	229	255	20	0	0	27	247	239	210	0	0	0	0	0	0	0	0	31	255	229	232	231	230	231	232	231	232	228	235	243	0	0	0	0	226	240	204	0	0	0	0	0	0	0	0	104	255	229	235	232	231	232	233	233	232	227	240	206	0	0	0	0	214	242	230	0	0	0	0	0	0	0	0	131	255	226	235	234	233	233	233	233	234	227	232	255	0	0	0	0	208	244	238	44	0	0	0	0	0	0	0	111	255	227	237	236	234	234	234	234	235	233	226	244	51	0	0	0	193	244	241	75	0	0	0	0	0	0	0	63	255	233	239	236	234	234	234	234	233	231	228	245	145	0	0	0	193	246	241	96	0	0	0	0	0	0	0	17	255	233	236	235	233	233	233	233	232	232	227	238	232	0	0	0	144	253	241	108	0	0	0	0	0	0	0	2	255	232	236	234	233	232	232	232	232	232	233	228	234	18	0	0	91	253	241	118	0	0	0	0	0	0	0	16	255	229	235	234	233	232	231	231	231	231	234	226	243	88	0	0	56	246	241	138	0	0	0	0	0	0	0	54	255	230	236	234	234	232	231	232	231	231	234	226	248	107	0	0	30	241	242	153	0	0	0	0	0	0	0	84	242	225	233	230	229	227	226	227	227	230	233	226	246	108	0	0	3	236	241	166	0	0	0	0	0	0	0	144	255	239	243	242	242	241	241	241	239	235	232	225	238	63	0	0	0	229	242	194	0	0	0	0	0	0	0	84	177	210	241	231	229	220	219	226	239	255	238	243	242	9	0	0	0	229	247	216	0	0	0	0	0	0	0	0	0	0	0	0	0	0	0	0	0	0	16	82	123	0	0	0	0	79	10	0	0	0	0
0	0	0	0	0	0	0	0	2	1	0	0	63	141	103	101	112	0	0	0	7	0	0	0	0	0	0	0	0	0	0	0	0	0	0	1	0	0	0	105	239	246	249	248	252	218	0	0	0	0	1	1	0	0	0	0	0	0	0	0	0	0	1	0	0	134	204	229	222	245	190	198	243	222	215	202	70	0	0	0	0	0	0	0	0	0	0	0	0	2	6	0	168	246	223	226	234	231	232	237	239	220	219	225	233	38	0	5	0	0	0	0	0	0	0	0	0	1	0	0	203	222	216	234	246	238	248	243	238	252	227	207	227	146	0	0	0	0	0	0	0	0	0	0	0	3	0	39	230	217	219	212	214	237	222	229	234	210	205	210	220	184	0	0	0	0	0	0	0	0	0	0	0	1	0	121	238	216	215	218	202	213	217	216	211	215	211	209	216	209	0	0	0	0	0	0	0	0	0	0	0	0	0	178	235	219	220	225	227	221	220	226	219	218	202	231	215	222	44	0	0	0	0	0	0	0	0	0	0	0	0	201	226	232	231	221	222	219	211	224	224	222	207	243	216	231	106	0	0	0	0	0	0	0	0	0	0	0	12	225	223	245	230	220	224	230	212	227	227	222	206	249	223	227	167	0	0	0	0	0	0	0	0	0	0	0	67	238	224	226	231	225	223	229	226	231	225	221	206	255	233	221	206	0	0	0	0	0	0	0	0	0	0	0	119	237	235	124	232	240	226	237	216	229	238	226	227	216	242	219	244	0	0	0	0	0	0	0	0	0	0	0	175	233	232	71	234	231	227	231	221	225	224	215	237	124	252	225	217	5	0	0	0	0	0	0	0	0	0	0	210	237	226	43	251	221	232	221	236	242	229	213	250	92	189	238	223	62	0	0	0	0	0	0	0	0	0	0	203	235	215	136	252	226	225	222	233	238	231	215	242	159	130	243	224	106	0	0	0	0	0	0	0	0	0	0	217	234	194	203	238	224	225	218	224	242	223	217	213	235	134	247	243	134	0	0	0	0	0	0	0	0	0	10	226	234	185	213	231	228	227	223	227	232	227	221	213	236	184	223	242	166	0	0	0	0	0	0	0	0	0	55	233	227	148	227	229	227	225	221	231	232	223	221	223	219	211	238	234	181	0	0	0	0	0	0	0	0	0	84	234	226	185	229	227	223	224	220	231	240	228	218	226	217	212	255	234	181	0	0	0	0	0	0	0	0	0	97	236	234	234	215	230	225	227	229	234	231	226	222	223	221	200	228	226	193	0	0	0	0	0	0	0	0	0	142	237	234	226	219	228	223	225	228	224	228	223	224	222	220	199	231	250	221	0	0	0	0	0	0	0	0	0	0	0	0	214	226	223	227	226	226	222	234	221	221	224	212	231	139	87	105	0	0	0	0	0	0	0	0	0	0	0	0	251	224	222	226	226	227	220	245	230	219	229	212	250	70	0	0	0	0	0	0	0	0	0	0	0	4	0	31	230	222	225	226	225	227	219	242	231	222	226	212	222	132	0	5	0	0	0	0	0	0	0	0	0	3	0	69	233	219	225	225	226	226	223	245	223	221	222	215	225	138	0	1	0	0	0	0	0	0	0	0	0	7	0	124	247	215	224	225	223	227	222	237	224	220	217	211	224	157	0	0	0	0	0	0	0	0	0	0	0	2	0	1	177	239	237	246	237	233	228	233	231	241	229	229	229	144	0	4	0	0	0	0	0	0	0	0	0	0	0	0	0	47	127	183	209	221	229	222	206	194	163	119	31	0	0	1	0	0	0	0
0	0	0	0	0	0	0	0	28	162	138	147	153	145	140	141	139	135	153	63	0	0	0	0	0	0	0	0	0	0	0	0	0	0	0	0	144	255	255	255	255	255	255	255	255	255	255	181	0	0	0	0	0	0	0	0	0	0	0	0	0	0	0	0	143	255	224	233	231	231	231	230	232	223	253	159	0	0	0	0	0	0	0	0	0	0	0	0	0	0	0	0	156	255	230	238	238	238	237	237	239	231	255	162	0	0	0	0	0	0	0	0	0	0	0	0	0	0	0	0	158	255	231	236	237	237	237	237	237	230	255	150	0	0	0	0	0	0	0	0	0	0	0	0	0	0	0	0	155	255	229	236	236	238	237	238	236	228	255	127	0	0	0	0	0	0	0	0	0	0	0	0	0	0	0	0	130	255	226	235	234	237	238	235	235	226	255	107	0	0	0	0	0	0	0	0	0	0	0	0	0	0	0	0	106	255	225	234	233	238	243	234	233	220	255	84	0	0	0	0	0	0	0	0	0	0	0	0	0	0	0	0	90	255	225	232	240	222	236	239	229	222	255	51	0	0	0	0	0	0	0	0	0	0	0	0	0	0	0	0	58	255	226	226	255	146	178	255	226	226	255	19	0	0	0	0	0	0	0	0	0	0	0	0	0	0	0	0	16	255	227	222	255	108	157	255	223	231	255	0	0	0	0	0	0	0	0	0	0	0	0	0	0	0	0	0	0	255	231	219	255	80	134	255	217	232	236	0	0	0	0	0	0	0	0	0	0	0	0	0	0	0	0	0	0	239	232	215	255	41	100	255	222	235	198	0	0	0	0	0	0	0	0	0	0	0	0	0	0	0	0	0	0	219	236	222	255	11	70	255	221	237	168	0	0	0	0	0	0	0	0	0	0	0	0	0	0	0	0	0	0	195	241	222	255	0	49	255	220	239	134	0	0	0	0	0	0	0	0	0	0	0	0	0	0	0	0	0	0	181	241	222	255	0	33	255	219	238	126	0	0	0	0	0	0	0	0	0	0	0	0	0	0	0	0	0	0	187	241	224	255	0	33	255	219	239	130	0	0	0	0	0	0	0	0	0	0	0	0	0	0	0	0	0	0	200	240	228	255	0	37	255	221	240	135	0	0	0	0	0	0	0	0	0	0	0	0	0	0	0	0	0	0	206	240	230	255	0	27	255	222	243	130	0	0	0	0	0	0	0	0	0	0	0	0	0	0	0	0	0	0	197	242	232	255	0	11	255	222	243	104	0	0	0	0	0	0	0	0	0	0	0	0	0	0	0	0	0	0	180	243	233	244	0	6	255	224	243	82	0	0	0	0	0	0	0	0	0	0	0	0	0	0	0	0	0	0	160	244	235	226	0	0	255	227	242	64	0	0	0	0	0	0	0	0	0	0	0	0	0	0	0	0	0	0	133	246	238	205	0	0	255	229	236	33	0	0	0	0	0	0	0	0	0	0	0	0	0	0	0	0	0	0	112	247	238	198	0	0	255	234	234	21	0	0	0	0	0	0	0	0	0	0	0	0	0	0	0	0	0	0	92	249	241	194	0	0	255	237	235	13	0	0	0	0	0	0	0	0	0	0	0	0	0	0	0	0	0	0	80	246	243	179	0	0	245	238	229	0	0	0	0	0	0	0	0	0	0	0	0	0	0	0	0	0	0	0	81	255	255	200	0	0	255	255	234	0	0	0	0	0	0	0	0	0	0	0	0	0	0	0	0	0	0	0	2	153	160	58	0	0	64	120	83	0	0	0	0	0	0	0	0	0	0
0	0	0	0	0	0	0	0	0	50	132	103	112	109	96	92	85	66	108	54	0	0	0	0	0	0	0	0	0	0	0	0	0	0	0	0	0	174	236	220	225	243	230	229	227	193	203	148	0	0	0	0	0	0	0	0	0	0	0	0	0	0	0	0	0	202	220	209	209	197	193	187	185	184	190	172	0	0	0	0	0	0	0	0	0	0	0	0	0	0	0	0	0	201	215	205	205	200	206	191	196	188	188	212	0	0	0	0	0	0	0	0	0	0	0	0	0	0	0	0	13	209	209	204	192	198	216	192	199	189	183	219	7	0	0	0	0	0	0	0	0	0	0	0	0	0	0	0	53	213	208	206	192	194	226	196	206	192	184	217	62	0	0	0	0	0	0	0	0	0	0	0	0	0	0	0	75	241	209	198	192	189	228	211	210	194	185	216	61	0	0	0	0	0	0	0	0	0	0	0	0	0	0	0	79	241	207	194	200	195	226	220	207	191	181	218	66	0	0	0	0	0	0	0	0	0	0	0	0	0	0	0	78	241	206	190	189	192	243	222	210	193	180	221	88	0	0	0	0	0	0	0	0	0	0	0	0	0	0	0	87	238	207	194	195	211	189	234	211	197	179	217	98	0	0	0	0	0	0	0	0	0	0	0	0	0	0	0	94	237	205	188	199	213	108	247	216	202	178	218	104	0	0	0	0	0	0	0	0	0	0	0	0	0	0	0	100	239	206	188	200	223	82	253	218	206	179	217	109	0	0	0	0	0	0	0	0	0	0	0	0	0	0	0	110	233	207	190	202	226	63	252	219	209	178	215	113	0	0	0	0	0	0	0	0	0	0	0	0	0	0	0	119	229	207	193	202	222	43	251	222	207	181	211	118	0	0	0	0	0	0	0	0	0	0	0	0	0	0	0	122	226	205	192	201	224	44	252	227	199	179	211	130	0	0	0	0	0	0	0	0	0	0	0	0	0	0	0	123	228	202	189	199	223	42	250	225	207	181	212	133	0	0	0	0	0	0	0	0	0	0	0	0	0	0	0	119	231	199	201	199	215	51	253	225	208	185	215	122	0	0	0	0	0	0	0	0	0	0	0	0	0	0	0	117	233	198	210	202	215	61	255	224	210	182	216	103	0	0	0	0	0	0	0	0	0	0	0	0	0	0	0	118	237	193	208	205	217	73	252	225	215	182	220	93	0	0	0	0	0	0	0	0	0	0	0	0	0	0	0	125	239	194	208	207	216	77	249	225	215	179	218	89	0	0	0	0	0	0	0	0	0	0	0	0	0	0	0	140	240	203	206	210	217	70	250	228	218	180	213	92	0	0	0	0	0	0	0	0	0	0	0	0	0	0	0	144	237	208	207	217	220	71	251	228	222	185	211	104	0	0	0	0	0	0	0	0	0	0	0	0	0	0	0	130	235	212	208	219	220	85	249	224	226	188	207	119	0	0	0	0	0	0	0	0	0	0	0	0	0	0	0	131	233	215	211	215	219	110	244	224	231	187	210	114	0	0	0	0	0	0	0	0	0	0	0	0	0	0	0	135	229	214	214	210	217	133	241	224	230	197	221	101	0	0	0	0	0	0	0	0	0	0	0	0	0	0	0	145	225	213	224	209	205	147	234	223	223	198	216	89	0	0	0	0	0	0	0	0	0	0	0	0	0	0	0	168	246	211	221	213	223	186	249	234	227	195	238	133	0	0	0	0	0	0	0	0	0	0	0	0	0	0	0	46	203	191	206	209	163	80	172	207	196	190	160	42	0	0	0	0	0	0	0
0	0	0	0	0	0	0	0	0	43	218	191	212	193	190	199	186	208	34	0	0	0	0	0	0	0	0	0	0	0	0	0	0	0	0	0	0	145	255	234	249	214	228	244	228	255	135	0	0	0	0	0	0	0	0	0	0	0	0	0	0	0	0	0	0	176	249	221	225	227	231	228	223	254	154	0	0	0	0	0	0	0	0	0	0	0	0	0	0	0	0	0	0	187	245	224	224	227	226	227	223	249	171	0	0	0	0	0	0	0	0	0	0	0	0	0	0	0	0	0	0	193	241	222	222	226	226	224	223	244	185	0	0	0	0	0	0	0	0	0	0	0	0	0	0	0	0	0	0	182	244	221	223	227	228	224	221	247	185	0	0	0	0	0	0	0	0	0	0	0	0	0	0	0	0	0	0	147	255	216	229	235	238	232	215	250	169	0	0	0	0	0	0	0	0	0	0	0	0	0	0	0	0	0	0	106	255	218	253	165	126	255	218	255	128	0	0	0	0	0	0	0	0	0	0	0	0	0	0	0	0	0	0	60	255	217	255	162	119	255	215	255	91	0	0	0	0	0	0	0	0	0	0	0	0	0	0	0	0	0	0	0	255	219	240	173	119	255	216	232	34	0	0	0	0	0	0	0	0	0	0	0	0	0	0	0	0	0	0	0	231	227	238	174	107	255	222	255	0	0	0	0	0	0	0	0	0	0	0	0	0	0	0	0	0	0	0	0	170	235	233	174	95	240	226	224	0	0	0	0	0	0	0	0	0	0	0	0	0	0	0	0	0	0	0	0	79	236	232	170	80	239	234	161	0	0	0	0	0	0	0	0	0	0	0	0	0	0	0	0	0	0	0	0	6	224	234	171	79	238	236	101	0	0	0	0	0	0	0	0	0	0	0	0	0	0	0	0	0	0	0	0	0	213	236	176	107	239	234	61	0	0	0	0	0	0	0	0	0	0	0	0	0	0	0	0	0	0	0	0	0	192	239	184	122	238	230	37	0	0	0	0	0	0	0	0	0	0	0	0	0	0	0	0	0	0	0	0	0	181	244	175	86	240	229	21	0	0	0	0	0	0	0	0	0	0	0	0	0	0	0	0	0	0	0	0	0	182	249	164	53	243	233	37	0	0	0	0	0	0	0	0	0	0	0	0	0	0	0	0	0	0	0	0	0	195	244	177	58	241	238	68	0	0	0	0	0	0	0	0	0	0	0	0	0	0	0	0	0	0	0	0	0	198	241	188	89	239	240	79	0	0	0	0	0	0	0	0	0	0	0	0	0	0	0	0	0	0	0	0	0	186	244	195	119	237	239	64	0	0	0	0	0	0	0	0	0	0	0	0	0	0	0	0	0	0	0	0	0	166	249	180	86	243	233	30	0	0	0	0	0	0	0	0	0	0	0	0	0	0	0	0	0	0	0	0	0	138	255	171	35	250	222	4	0	0	0	0	0	0	0	0	0	0	0	0	0	0	0	0	0	0	0	3	0	85	255	168	5	249	214	0	0	0	0	0	0	0	0	0	0	0	0	0	0	0	0	0	0	0	0	3	0	48	255	169	0	244	207	0	0	0	0	0	0	0	0	0	0	0	0	0	0	0	0	0	0	0	0	2	0	32	250	161	0	239	199	0	0	0	0	0	0	0	0	0	0	0	0	0	0	0	0	0	0	0	0	3	0	45	255	182	0	255	206	0	0	0	0	0	0	0	0	0	0	0	0	0	0	0	0	0	0	0	0	3	0	0	160	107	0	137	105	0	0	0	0	0	0	0	0	0	0	0
0	0	0	0	0	0	0	0	0	0	0	0	0	0	0	0	0	0	0	0	0	0	0	0	0	0	0	0	0	0	0	0	0	0	0	0	0	0	0	0	0	0	0	0	0	0	0	0	0	0	0	0	0	0	0	0	0	0	0	0	0	0	0	0	0	0	0	0	0	0	0	0	0	0	0	0	0	0	0	0	0	0	0	0	0	0	0	0	0	0	0	0	0	0	0	0	0	0	0	0	0	0	0	0	0	0	0	0	0	0	0	0	0	0	0	0	0	0	0	0	0	0	0	0	0	0	0	0	0	0	0	0	0	0	0	0	0	0	0	0	0	0	0	0	0	0	0	0	0	0	0	0	0	0	0	0	0	0	0	0	0	0	0	0	0	0	0	0	0	0	0	0	0	0	0	0	0	0	0	0	0	3	0	42	49	0	0	0	0	0	0	0	13	15	0	2	0	0	0	0	0	0	0	0	0	0	0	0	0	8	0	126	124	22	89	79	79	33	91	120	161	38	0	4	0	0	0	0	0	0	0	0	0	0	0	0	1	0	0	171	234	192	172	227	216	137	246	219	205	23	0	5	0	0	0	0	0	0	0	0	0	0	0	0	6	0	118	145	41	100	125	186	208	9	15	89	173	2	0	4	0	0	0	0	0	0	0	0	0	0	0	0	3	0	151	97	0	0	0	0	0	0	124	193	209	67	0	4	0	0	0	0	0	0	0	0	0	0	0	8	0	3	186	168	202	212	194	199	122	229	212	219	183	55	0	2	0	0	0	0	0	0	1	0	0	3	10	0	0	222	112	84	122	149	167	203	211	190	241	156	0	0	0	0	0	0	0	0	0	0	0	1	6	0	0	30	172	90	0	0	0	0	37	199	204	215	103	0	0	0	27	8	0	0	0	0	0	0	5	0	0	10	191	112	0	0	0	5	2	0	0	209	212	194	42	159	206	191	222	70	0	0	0	0	2	1	0	0	71	145	242	179	0	0	0	3	0	0	25	203	203	228	229	231	225	215	214	37	0	0	0	0	0	0	34	137	207	190	147	222	197	0	0	0	0	124	215	218	201	98	207	224	218	211	209	50	0	3	4	0	1	127	216	105	156	226	169	200	247	106	0	86	212	233	148	51	0	0	234	227	219	212	243	50	2	0	0	0	67	140	124	47	182	228	164	168	189	189	152	245	158	0	0	0	0	0	249	228	219	212	246	52	0	0	0	0	36	160	148	22	128	204	174	102	179	217	215	68	0	0	0	4	0	0	210	221	216	211	214	54	118	181	178	178	192	219	215	253	241	216	217	255	255	159	0	0	0	4	1	1	0	0	229	234	230	226	231	78	2	51	71	60	66	62	73	87	95	102	87	37	0	0	0	3	0	0	0	2	0	0	95	70	69	70	85	2	0	0	0	0	0	0	0	0	0	0	0	0	0	0	0	0	0	0	0	0	0	0	0	0	0	0	0	0	0	0	0	0	0	0	0	0	0	0	0	0	0	0	0	0	0	0	0	0	0	0	0	0	0	0	0	0	0	0	0	0	0	0	0	0	0	0	0	0	0	0	0	0	0	0	0	0	0	0	0	0	0	0	0	0	0	0	0	0	0	0	0	0	0	0	0	0	0	0	0	0	0	0	0	0	0	0	0	0	0	0	0	0	0	0	0	0	0	0	0	0	0	0	0	0	0	0	0	0	0	0	0	0	0	0	0	0	0	0	0	0	0	0	0	0	0	0	0	0	0	0	0	0	0	0	0	0	0	0	0	0	0	0	0	0	0	0	0	0
0	0	0	0	0	3	2	0	0	0	0	0	0	0	0	0	0	0	0	0	0	0	3	3	0	0	0	0	0	0	0	1	1	0	0	0	0	105	224	139	26	0	0	2	74	176	231	60	0	0	0	0	0	1	0	0	0	1	2	0	0	0	83	172	209	232	231	247	249	242	244	251	252	249	194	199	252	158	136	32	0	0	0	0	0	1	0	0	148	215	220	220	209	201	211	215	234	191	164	150	191	225	208	207	198	188	226	221	161	0	0	1	0	2	0	122	239	202	201	205	211	206	215	210	230	158	126	118	165	230	203	207	208	208	204	202	240	126	0	0	0	0	0	212	208	208	207	214	209	209	208	211	211	234	243	250	237	218	207	219	214	207	206	207	210	205	0	0	0	0	86	227	204	210	208	205	204	208	209	202	204	203	202	202	198	205	209	206	200	209	204	215	202	226	56	0	0	0	176	223	204	212	208	207	209	204	198	201	203	204	207	201	207	211	211	209	202	208	208	210	201	226	139	0	0	0	202	220	204	209	212	209	208	205	236	237	241	217	217	246	241	208	191	223	208	206	214	212	202	224	167	0	0	0	236	213	204	210	211	210	201	241	143	92	159	102	89	131	78	109	192	222	205	211	212	211	204	219	209	0	0	13	214	206	208	210	213	208	217	206	29	39	14	27	29	7	24	19	206	212	203	212	210	207	207	210	241	0	0	31	219	204	212	211	213	212	205	233	125	14	127	70	23	152	28	119	233	205	211	205	218	208	210	204	248	0	0	47	250	205	208	205	213	209	202	215	242	32	19	111	159	30	2	208	216	202	202	201	212	195	214	204	249	30	0	53	250	204	214	176	217	203	209	200	240	114	0	72	107	0	105	235	205	204	203	211	199	180	219	204	250	39	0	78	250	203	223	149	223	205	210	206	207	243	178	35	4	141	243	208	209	206	200	224	209	164	225	202	250	58	0	98	250	201	228	146	226	209	205	213	199	207	235	234	231	242	207	202	206	204	197	218	204	152	232	200	250	77	0	117	247	194	226	141	224	212	202	208	204	201	200	203	208	193	204	207	201	207	204	219	200	147	235	199	250	90	0	136	237	199	225	124	222	215	202	206	206	205	205	203	202	207	206	203	204	202	203	219	208	131	235	201	249	109	0	135	239	200	228	121	223	214	205	206	206	205	205	204	204	205	206	203	204	204	205	217	215	107	237	202	248	118	0	141	241	201	228	116	227	212	208	206	207	205	206	205	203	206	205	204	203	205	205	215	222	111	233	196	248	123	0	144	244	202	226	114	235	212	207	208	207	206	207	204	203	205	206	204	203	207	207	215	227	120	232	199	242	138	0	145	243	207	219	111	235	205	206	207	207	207	207	205	205	206	206	205	204	204	207	213	227	112	222	206	240	149	0	144	241	206	216	131	229	209	205	204	205	205	205	206	206	206	205	206	205	202	205	209	219	168	221	202	240	152	0	146	247	210	213	138	234	203	211	207	208	207	207	208	209	209	209	210	208	207	208	207	221	178	219	210	240	149	0	140	228	214	214	143	232	210	206	204	205	205	205	205	206	206	206	206	205	206	205	202	230	133	214	216	225	147	0	131	219	217	174	108	227	209	205	204	204	204	205	204	202	202	202	203	200	204	204	208	248	113	175	218	221	123	0	124	232	241	152	98	255	223	250	243	247	244	240	239	241	240	239	237	238	241	247	230	255	130	146	234	223	115	0	0	43	49	0	0	125	103	124	146	149	153	152	156	160	160	161	163	160	154	145	126	145	29	0	30	18	0
0	0	0	0	0	1	0	0	0	0	61	51	0	0	0	0	40	43	0	0	0	2	1	0	0	0	0	0	0	0	2	0	0	0	0	0	37	85	130	217	202	208	205	177	197	134	108	58	0	0	0	1	0	0	0	0	0	0	0	0	0	41	116	180	154	154	138	96	129	180	176	124	89	130	150	152	177	126	46	0	0	0	0	0	0	0	0	0	20	125	111	104	107	91	100	104	120	124	121	119	125	133	118	115	108	114	120	19	0	0	0	0	0	0	2	0	143	181	150	190	171	150	142	121	121	122	109	108	100	108	118	148	159	170	195	138	0	0	0	0	0	0	0	0	92	151	87	61	83	111	130	149	152	154	164	174	177	171	149	123	72	95	130	92	0	0	0	0	0	0	0	2	196	154	188	218	151	121	98	78	74	73	63	55	53	62	83	112	199	179	164	188	0	0	0	0	0	0	0	89	116	120	82	40	112	144	165	190	197	197	204	210	213	205	190	152	80	138	109	116	98	0	0	0	0	0	0	110	192	173	255	209	134	87	58	41	35	35	31	25	22	30	50	96	187	201	174	179	83	0	0	0	0	0	5	199	117	110	149	89	123	181	206	224	229	228	231	235	237	233	214	158	128	149	111	123	216	0	0	0	0	0	10	135	158	162	197	180	130	81	53	40	31	25	24	26	24	24	54	97	190	187	168	140	112	18	0	0	0	0	122	183	146	126	177	156	139	194	216	228	233	239	242	243	246	242	225	162	170	173	132	148	185	123	0	0	0	0	0	35	112	163	132	152	124	66	57	37	26	22	19	20	20	36	35	121	114	104	163	86	8	0	0	0	0	0	0	0	0	0	0	130	180	203	218	228	233	236	237	238	238	237	216	225	91	0	0	0	0	0	0	0	0	0	1	2	3	0	0	129	123	54	47	38	33	26	25	27	26	35	86	101	32	0	7	4	2	1	0	0	0	0	0	0	0	0	0	149	177	176	230	234	235	239	243	243	243	234	189	188	41	0	3	0	0	0	0	0	0	0	0	0	0	0	0	96	112	89	41	36	29	26	26	29	27	30	81	104	20	0	2	0	0	0	0	0	0	0	0	0	0	0	0	135	182	180	231	238	242	241	241	241	239	241	188	193	44	0	3	0	0	0	0	0	0	0	0	0	0	0	0	58	92	87	35	27	27	22	22	29	35	31	79	94	10	0	2	0	0	0	0	0	0	0	0	0	0	1	0	124	204	189	244	248	247	249	249	245	242	243	193	205	50	0	3	0	0	0	0	0	0	0	0	0	0	1	0	23	102	88	37	35	29	24	27	31	33	36	83	105	33	0	1	0	0	0	0	0	0	0	0	0	0	2	0	92	203	187	242	241	241	243	244	242	241	242	191	199	58	0	3	0	0	0	0	0	0	0	0	0	0	1	0	44	102	90	43	34	31	37	37	34	33	44	87	115	80	0	0	0	0	0	0	0	0	0	0	0	0	2	0	136	206	186	238	241	235	234	237	237	234	229	185	185	121	0	0	0	0	0	0	0	0	0	0	0	0	0	0	91	103	96	45	37	41	43	46	47	46	62	96	122	105	0	0	0	0	0	0	0	0	0	0	0	0	0	0	143	200	225	235	239	238	234	234	232	233	224	178	183	123	0	0	0	0	0	0	0	0	0	0	0	1	0	0	118	111	60	52	48	50	46	45	49	54	64	72	122	134	0	0	0	0	0	0	0	0	0	0	0	1	0	0	172	173	173	207	211	210	208	209	210	213	207	168	149	103	0	0	0	0	0	0	0
0	0	0	0	0	0	0	0	0	0	0	0	55	90	97	89	0	0	1	0	0	0	0	0	0	0	0	0	0	0	0	0	0	0	1	0	5	0	0	104	99	0	0	48	146	22	0	3	1	0	0	0	0	0	0	0	0	0	0	0	0	0	4	4	0	0	105	81	0	0	0	0	23	220	83	0	1	2	0	0	0	0	0	0	0	0	0	0	0	3	0	0	48	173	53	0	1	1	1	5	0	0	151	132	0	0	3	0	0	0	0	0	0	0	0	0	0	0	0	180	206	19	0	2	0	0	0	0	3	0	0	169	130	0	0	5	0	0	0	0	0	0	1	0	0	0	169	136	0	0	3	0	0	0	0	0	0	2	0	0	89	205	9	0	0	0	0	0	0	0	0	0	0	163	150	0	0	0	0	0	0	0	0	0	0	0	2	1	0	73	202	13	0	1	0	0	0	0	0	0	39	208	137	0	0	0	0	0	0	0	0	0	0	0	0	0	0	0	91	172	0	0	0	0	0	0	0	0	183	190	195	0	0	3	0	0	0	0	0	0	0	0	0	0	0	0	0	242	81	0	1	0	0	0	0	33	205	188	206	62	0	4	1	1	0	0	0	0	0	0	0	5	0	0	110	252	158	0	0	0	0	0	0	96	216	202	191	122	0	0	0	0	0	0	0	0	0	0	0	0	0	46	210	195	208	10	0	0	0	0	0	197	227	195	156	205	118	37	0	0	0	0	0	0	0	0	0	78	190	201	185	181	234	122	0	0	0	0	6	253	208	165	165	168	188	190	176	171	142	118	105	133	164	183	224	246	222	187	251	119	181	159	0	0	0	0	32	255	205	169	172	158	151	148	155	170	175	168	177	173	180	163	171	166	155	190	197	161	176	186	0	0	0	0	20	232	194	170	178	168	166	164	159	154	161	149	158	158	158	153	147	192	209	219	215	151	170	205	0	0	0	0	13	223	197	186	180	172	175	168	165	172	173	175	150	162	168	164	158	150	168	222	198	171	158	230	0	0	0	0	32	226	192	179	179	176	172	176	170	171	170	177	168	164	168	165	178	176	158	228	188	166	155	253	1	0	0	0	54	238	185	172	181	183	175	181	171	166	175	173	169	173	172	171	181	186	190	248	176	175	154	241	32	0	0	0	55	245	180	181	193	193	181	183	184	179	181	181	175	176	176	176	181	168	201	236	163	190	151	238	39	0	0	0	48	241	178	193	199	190	179	184	178	176	181	183	173	175	175	179	181	172	228	221	159	195	143	243	28	0	0	0	41	230	184	187	195	195	187	191	178	173	179	183	186	188	181	175	168	166	230	193	159	197	144	223	34	0	0	0	51	234	177	185	185	186	187	183	176	177	179	175	170	178	180	179	185	190	230	181	173	188	150	216	75	0	0	0	9	235	175	186	184	184	188	180	172	176	177	173	176	173	173	175	183	202	220	179	177	190	157	210	85	0	0	0	0	195	186	185	188	188	179	178	171	169	171	172	172	165	168	176	181	193	195	172	176	175	169	173	0	0	0	0	0	142	186	188	178	186	188	176	181	173	173	184	179	183	178	180	181	186	185	175	183	176	195	128	0	0	0	0	0	107	194	163	176	168	171	168	173	166	165	175	169	166	164	168	169	175	172	162	169	165	181	84	0	0	0	0	0	13	237	213	202	201	175	186	186	188	186	191	188	180	178	185	183	186	194	202	226	210	210	6	0	0	0	0	0	0	15	92	108	143	132	107	112	115	112	117	118	115	114	121	117	115	114	107	93	67	16	0	0	0
0	0	0	0	0	0	0	0	0	0	0	0	0	0	0	0	0	0	0	0	0	0	0	0	0	0	0	0	0	0	0	0	0	0	0	0	0	0	0	0	0	0	0	0	0	0	0	0	0	0	0	0	0	0	0	0	0	0	0	0	0	0	0	0	0	0	0	0	0	0	0	0	0	0	0	0	0	0	0	0	0	0	0	0	0	0	0	0	0	0	0	0	0	0	0	0	0	0	0	0	0	0	0	0	0	0	0	0	0	0	0	0	0	0	0	0	0	0	0	0	0	0	0	0	0	0	0	0	0	0	0	0	0	0	0	0	0	0	0	0	0	0	0	0	0	0	0	0	0	0	0	0	0	0	0	0	0	0	0	0	0	0	0	0	0	0	0	0	0	0	0	0	0	0	0	0	0	0	0	0	0	0	0	0	0	0	0	0	0	0	0	0	0	0	0	0	0	0	0	0	0	0	0	0	0	0	0	0	0	0	0	0	0	0	0	0	0	0	0	0	0	0	0	0	0	0	0	0	0	0	0	0	0	0	0	0	0	0	0	0	0	0	0	0	0	0	0	0	0	0	0	0	0	0	0	0	0	0	0	0	0	0	0	0	0	0	0	0	74	88	60	46	53	31	21	40	83	54	17	21	0	0	0	0	0	0	0	0	0	1	0	0	0	5	31	109	129	102	143	138	164	118	115	178	161	115	166	51	0	0	0	0	0	0	0	0	0	0	0	19	63	79	85	21	0	0	0	0	0	0	0	0	0	0	116	5	0	0	0	0	0	3	1	0	0	40	100	83	21	0	0	0	3	7	5	0	0	0	0	12	67	118	79	0	1	0	0	0	1	7	0	15	93	58	33	35	7	0	0	3	0	0	0	0	0	0	38	92	102	100	7	0	1	1	1	0	3	0	54	157	19	0	0	53	40	0	0	0	0	0	1	0	0	69	113	67	33	0	0	0	0	0	1	0	0	60	177	40	0	3	0	38	217	0	0	3	1	0	0	0	93	97	168	72	0	0	0	0	0	0	0	0	19	155	33	21	0	0	0	0	255	161	0	0	0	0	0	24	69	30	0	0	1	0	0	0	51	141	134	102	146	180	132	175	138	120	122	97	118	60	90	138	129	173	157	81	14	166	210	223	177	125	132	0	0	8	14	28	30	35	72	49	111	131	152	157	143	86	143	116	77	61	86	81	115	166	145	131	111	104	79	0	0	0	0	0	0	0	0	0	0	0	0	0	0	0	0	0	0	0	0	0	0	0	0	0	0	0	0	0	0	0	0	0	0	0	0	0	0	0	0	0	0	0	0	0	0	0	0	0	0	0	0	0	0	0	0	0	0	0	0	0	0	0	0	0	0	0	0	0	0	0	0	0	0	0	0	0	0	0	0	0	0	0	0	0	0	0	0	0	0	0	0	0	0	0	0	0	0	0	0	0	0	0	0	0	0	0	0	0	0	0	0	0	0	0	0	0	0	0	0	0	0	0	0	0	0	0	0	0	0	0	0	0	0	0	0	0	0	0	0	0	0	0	0	0	0	0	0	0	0	0	0	0	0	0	0	0	0	0	0	0	0	0	0	0	0	0	0	0	0	0	0	0	0	0	0	0	0	0	0	0	0	0	0	0	0	0	0	0	0	0	0	0	0	0	0	0	0	0	0	0	0	0	0	0	0	0	0	0	0	0	0	0	0	0	0	0	0	0	0	0	0	0	0	0	0	0	0	0	0	0	0	0	0	0	0	0	0	0	0	0	0	0	0	0	0	0	0	0	0	0	0	0
0	0	0	0	0	1	0	0	0	62	175	210	117	42	36	100	201	186	71	0	0	0	1	0	0	0	0	0	0	0	0	0	2	0	0	128	205	229	223	217	225	253	253	224	219	220	228	206	130	0	0	1	0	0	0	0	0	0	0	0	4	0	124	241	216	212	213	214	211	213	213	208	216	215	211	215	238	136	0	4	0	0	0	0	0	0	0	2	0	0	206	213	211	215	217	215	215	215	214	213	214	216	214	212	212	214	0	0	2	0	0	0	0	0	0	6	0	52	227	210	214	214	216	214	214	215	219	219	213	217	215	214	208	231	60	0	6	0	0	0	0	0	0	7	0	126	229	214	215	212	214	212	214	212	210	201	216	213	211	213	209	232	138	0	6	0	0	0	0	0	0	0	0	157	225	214	214	212	213	211	214	209	212	210	212	214	212	214	210	227	166	0	0	0	0	0	0	0	0	0	0	191	218	216	212	213	212	210	214	209	210	213	210	214	212	214	210	219	197	0	0	0	0	0	0	0	0	0	1	214	212	217	211	212	212	211	214	209	209	212	209	213	212	214	212	213	219	7	0	0	0	0	0	0	0	0	28	222	207	217	211	212	212	211	214	208	209	211	208	213	212	214	211	210	230	47	0	0	0	0	0	0	0	0	80	228	207	217	211	212	212	211	214	208	209	211	208	212	212	213	211	208	231	103	0	0	0	0	0	0	0	0	118	227	208	216	211	212	212	211	214	208	209	211	208	211	211	213	208	205	231	136	0	0	0	0	0	0	0	0	142	227	208	220	209	214	211	212	212	207	207	210	205	212	211	213	209	206	227	165	0	0	0	0	0	0	0	0	168	223	209	219	209	213	211	212	211	208	206	210	208	212	211	212	210	206	223	168	0	0	0	0	0	0	0	0	173	220	211	216	209	212	210	211	210	208	206	210	212	210	209	210	210	207	218	185	0	0	0	0	0	0	0	0	189	217	213	215	209	212	210	210	209	208	206	211	212	211	210	210	208	207	216	197	0	0	0	0	0	0	0	0	201	213	214	213	209	211	210	209	209	208	205	212	212	213	211	210	208	207	212	204	0	0	0	0	0	0	0	0	209	209	215	211	211	210	210	209	209	208	206	213	212	213	212	210	209	208	212	211	0	0	0	0	0	0	0	13	212	209	215	210	213	210	210	209	209	209	207	214	213	212	212	209	209	209	213	215	24	0	0	0	0	0	0	35	217	207	213	211	211	211	210	210	212	209	206	211	213	213	213	209	208	209	209	219	52	0	0	0	0	0	0	48	220	208	214	212	211	211	210	210	212	209	206	211	213	211	214	210	209	209	208	221	74	0	0	0	0	0	0	66	223	209	215	210	211	211	210	210	212	209	206	211	214	210	212	210	210	210	207	221	88	0	0	0	0	0	0	82	225	211	218	212	212	212	210	210	212	209	206	211	213	209	213	212	211	210	207	222	104	0	0	0	0	0	0	96	224	212	215	208	216	210	212	211	213	208	205	210	212	209	216	209	206	208	204	221	123	0	0	0	0	0	0	96	224	214	222	220	210	210	209	212	212	209	207	210	212	208	209	207	216	215	208	223	129	0	0	0	0	0	0	95	221	211	217	162	255	217	208	210	209	205	203	207	209	206	220	230	172	209	214	220	128	0	0	0	0	0	0	136	231	218	236	0	64	206	208	220	223	220	222	223	223	207	207	86	0	224	219	227	151	0	0	0	0	0	0	73	183	198	194	0	0	0	0	48	87	88	93	80	63	3	0	0	0	171	194	177	75	0	0	0
0	0	0	0	0	0	0	0	0	0	8	160	126	127	110	109	114	153	102	0	0	0	0	0	0	0	0	0	0	0	0	0	0	0	0	0	0	0	107	238	230	244	244	238	237	217	236	0	0	0	0	0	0	0	0	0	0	0	0	0	0	0	0	0	0	0	180	211	188	198	195	193	196	199	231	4	0	0	0	0	0	0	0	0	0	0	0	0	0	0	0	0	0	0	216	208	200	203	202	203	200	202	232	31	0	0	0	0	0	0	0	0	0	0	0	0	0	0	0	0	0	0	238	204	202	203	201	201	200	197	233	79	0	0	0	0	0	0	0	0	0	0	0	0	0	0	0	0	0	58	247	197	202	204	200	198	203	195	225	100	0	0	0	0	0	0	0	0	0	0	0	0	0	0	0	0	0	73	233	200	203	204	205	201	202	198	233	137	0	0	0	0	0	0	0	0	0	0	0	0	0	0	0	0	0	101	231	207	208	211	224	208	205	209	200	94	0	0	0	0	0	0	0	0	0	0	0	0	0	0	0	0	0	169	229	199	215	228	216	226	207	211	203	132	0	0	0	0	0	0	0	0	0	0	0	0	0	0	0	0	0	167	220	193	233	139	36	255	204	205	232	161	0	0	0	0	0	0	0	0	0	0	0	0	0	0	0	0	0	160	228	189	246	85	0	254	219	203	229	137	0	0	0	0	0	0	0	0	0	0	0	0	0	0	0	0	0	151	231	201	247	44	0	198	246	206	239	123	0	0	0	0	0	0	0	0	0	0	0	0	0	0	0	0	0	131	237	203	241	1	0	135	233	204	245	103	0	0	0	0	0	0	0	0	0	0	0	0	0	0	0	0	0	105	247	206	221	0	0	92	231	202	245	88	0	0	0	0	0	0	0	0	0	0	0	0	0	0	0	0	0	67	241	210	192	0	0	35	226	203	245	71	0	0	0	0	0	0	0	0	0	0	0	0	0	0	0	0	0	50	245	214	158	0	0	0	217	204	245	50	0	0	0	0	0	0	0	0	0	0	0	0	0	0	0	0	0	68	223	222	92	0	0	0	240	213	238	16	0	0	0	0	0	0	0	0	0	0	0	0	0	0	0	0	0	70	220	224	99	0	0	0	209	223	238	4	0	0	0	0	0	0	0	0	0	0	0	0	0	0	0	0	0	48	218	221	151	0	0	0	209	222	208	15	0	0	0	0	0	0	0	0	0	0	0	0	0	0	0	0	0	17	215	218	183	0	0	0	194	222	209	33	0	0	0	0	0	0	0	0	0	0	0	0	0	0	0	0	0	0	197	219	192	0	0	0	180	223	212	36	0	0	0	0	0	0	0	0	0	0	0	0	0	0	0	0	0	0	179	224	205	0	0	0	194	224	205	10	0	0	0	0	0	0	0	0	0	0	0	0	0	0	0	0	0	0	95	228	210	8	0	0	170	227	197	0	0	0	0	0	0	0	0	0	0	0	0	0	0	0	0	0	0	0	18	217	222	65	0	0	150	230	195	0	0	0	0	0	0	0	0	0	0	0	0	0	0	0	0	0	0	0	0	184	232	114	0	0	149	232	183	0	0	0	0	0	0	0	0	0	0	0	0	0	0	0	0	0	0	0	0	140	245	174	0	0	127	234	166	0	0	0	0	0	0	0	0	0	0	0	0	0	0	0	0	0	0	2	0	76	214	118	0	0	136	252	170	0	0	0	0	0	0	0	0	0	0	0	0	0	0	0	0	0	0	1	0	0	0	0	0	0	57	168	100	0	0	0	0	0	0	0	0	0
0	0	0	0	0	0	0	0	0	3	74	126	116	71	56	85	148	120	5	0	0	0	0	0	0	0	0	0	0	0	0	0	0	0	0	66	203	255	250	207	204	194	198	228	213	221	248	209	112	0	0	0	0	0	0	0	0	0	0	0	0	0	118	233	216	204	204	209	195	175	173	173	187	198	197	207	224	210	0	0	0	0	0	0	0	0	0	0	0	0	207	209	208	207	206	202	212	222	220	210	204	202	203	197	193	230	98	0	0	0	0	0	0	0	0	0	0	66	233	208	215	227	217	214	204	203	204	200	194	187	194	202	206	225	190	0	0	0	0	0	0	0	0	0	0	69	202	212	212	147	131	122	120	116	115	98	138	186	157	157	200	210	167	0	0	0	0	0	0	0	0	0	0	87	149	146	138	132	135	138	143	144	143	121	152	224	227	185	129	141	142	0	0	0	0	0	0	0	0	0	0	118	172	160	166	148	148	143	145	143	141	132	151	205	208	174	148	161	172	0	0	0	0	0	0	0	0	0	0	132	158	160	198	138	146	142	143	139	137	124	167	233	212	155	171	141	172	1	0	0	0	0	0	0	0	0	0	152	161	153	228	143	144	140	143	145	151	147	158	181	201	199	186	145	180	26	0	0	0	0	0	0	0	0	0	161	153	157	229	138	148	141	144	145	141	140	132	129	110	203	200	138	174	46	0	0	0	0	0	0	0	0	0	168	142	197	197	135	146	137	144	150	147	148	141	148	141	158	216	144	173	59	0	0	0	0	0	0	0	0	0	178	142	201	151	141	149	144	142	151	145	148	143	145	153	132	208	151	173	75	0	0	0	0	0	0	0	0	6	175	150	200	77	149	144	143	149	145	144	150	142	135	166	78	167	168	170	77	0	0	0	0	0	0	0	0	20	170	160	192	11	164	156	142	149	149	149	154	142	142	185	43	120	190	160	96	0	0	0	0	0	0	0	0	29	173	162	185	14	182	136	142	153	148	139	150	146	132	180	73	100	200	153	106	0	0	0	0	0	0	0	0	38	164	167	177	57	175	140	141	144	143	143	150	142	138	166	107	102	203	147	108	0	0	0	0	0	0	0	0	45	164	182	146	69	179	134	146	152	144	142	145	152	141	156	134	67	215	146	117	0	0	0	0	0	0	0	0	55	161	196	121	89	174	136	145	147	144	143	147	150	140	148	154	55	212	149	123	0	0	0	0	0	0	0	0	54	155	193	107	102	162	139	149	152	152	151	149	148	143	144	155	50	203	145	120	0	0	0	0	0	0	0	0	51	151	202	62	114	157	136	143	148	149	144	147	146	143	140	167	33	188	153	117	0	0	0	0	0	0	0	0	59	163	217	20	121	163	145	150	149	149	144	147	151	147	145	179	3	171	176	121	0	0	0	0	0	0	0	0	56	160	200	0	124	169	147	151	147	146	143	145	150	146	145	185	0	144	170	114	0	0	0	0	0	0	0	0	56	155	193	0	124	170	136	139	146	160	161	153	140	137	146	188	0	136	169	114	0	0	0	0	0	0	0	0	42	139	154	0	0	0	0	0	0	0	0	0	0	0	0	0	0	139	150	100	0	0	0	0	0	0	0	0	44	147	175	14	0	0	0	0	0	0	0	0	0	0	0	0	0	168	166	102	0	0	0	0	0	0	0	0	62	135	162	32	0	3	1	1	1	1	1	1	1	1	1	0	0	186	145	122	0	0	0	0	0	0	0	0	0	0	0	0	0	0	0	0	0	0	0	0	0	0	0	0	0	0	0	0	0	0	0	0
0	0	0	0	0	0	0	0	0	30	99	162	126	111	110	104	100	128	65	0	0	0	0	0	0	0	0	0	0	0	0	0	0	0	65	199	255	255	255	255	255	254	245	255	255	255	255	255	213	123	0	0	0	0	0	0	0	0	0	0	0	100	248	239	232	226	225	223	225	210	200	210	224	224	223	225	235	247	204	0	0	0	0	0	0	0	0	0	0	213	229	223	223	227	226	225	227	249	254	253	240	222	226	224	222	217	241	199	0	0	0	0	0	0	0	0	65	243	224	228	227	224	226	243	255	201	173	168	215	255	226	226	223	223	223	217	0	0	0	0	0	0	0	0	140	243	225	226	226	223	242	217	87	109	153	165	86	119	250	229	222	221	222	230	15	0	0	0	0	0	0	0	218	241	225	225	223	232	232	105	198	255	132	211	255	172	135	250	215	226	225	240	78	0	0	0	0	0	0	0	255	231	233	228	219	254	122	191	255	166	143	149	229	255	117	205	235	231	224	243	144	0	0	0	0	0	0	45	237	225	233	231	230	244	133	239	249	123	254	154	139	255	153	165	249	232	225	237	194	0	0	0	0	0	0	183	249	225	229	240	233	244	144	252	195	140	254	232	87	255	185	173	250	232	222	226	205	0	0	0	0	0	0	93	225	229	247	255	230	248	161	255	108	201	247	255	128	231	169	213	230	241	247	243	234	62	0	0	0	0	0	0	0	6	67	56	243	255	107	217	231	95	255	182	96	255	104	255	165	84	153	88	31	0	0	0	0	0	0	0	0	0	0	0	255	234	190	72	235	173	115	137	234	113	146	255	174	0	0	0	0	0	0	0	0	0	0	0	0	3	0	0	240	229	241	224	108	105	124	126	62	177	249	232	148	0	4	6	6	1	0	0	0	0	0	0	0	0	0	0	236	232	224	245	249	186	194	219	237	250	219	237	123	0	3	0	0	0	0	0	0	0	0	0	0	1	0	0	248	229	225	227	226	238	240	235	229	225	223	236	116	0	2	0	0	0	0	0	0	0	0	0	0	2	0	0	255	226	227	228	228	226	224	222	226	228	222	237	113	0	4	0	0	0	0	0	0	0	0	0	0	2	0	0	255	228	228	228	228	228	227	225	227	229	224	237	120	0	2	0	0	0	0	0	0	0	0	0	0	2	0	0	255	228	228	229	229	229	227	226	228	228	225	236	167	0	0	1	1	0	0	0	0	0	0	0	0	1	0	0	255	228	230	230	230	230	228	226	227	231	221	234	202	0	0	0	0	0	0	0	0	0	0	0	0	2	0	17	227	227	230	229	229	230	229	226	227	229	223	232	217	0	0	0	0	0	0	0	0	0	0	0	0	4	0	47	238	226	229	229	229	230	229	227	228	227	225	229	243	0	0	2	0	0	0	0	0	0	0	0	0	4	0	67	241	225	230	229	229	230	230	228	228	229	227	225	255	8	0	4	0	0	0	0	0	0	0	0	0	2	0	103	242	225	230	231	231	232	230	227	229	232	229	224	229	32	0	3	0	0	0	0	0	0	0	0	0	0	0	134	242	226	232	231	232	233	231	227	229	231	230	224	235	54	0	4	0	0	0	0	0	0	0	0	0	0	0	180	240	221	227	221	222	226	226	220	220	223	227	221	238	88	0	4	0	0	0	0	0	0	0	0	0	4	0	199	245	240	255	255	255	255	255	255	255	255	255	240	250	134	0	7	0	0	0	0	0	0	0	0	0	1	0	0	20	66	84	95	115	141	162	156	156	130	103	79	51	0	0	2	0	0	0	0
0	0	0	0	0	0	1	2	0	0	0	11	81	100	129	130	67	5	0	0	2	0	0	0	0	0	0	0	0	0	0	0	0	0	1	0	0	0	84	235	230	240	236	226	230	223	134	0	0	1	1	0	0	0	0	0	0	0	0	0	0	1	0	5	0	27	232	222	207	223	232	223	216	238	225	24	0	3	0	0	0	0	0	0	0	0	0	0	0	3	0	7	0	2	188	214	201	170	185	177	212	205	196	6	0	5	0	0	0	0	0	0	0	0	0	0	0	1	1	0	0	142	243	199	200	182	181	205	222	209	255	78	0	0	0	0	0	0	0	0	0	0	0	0	0	2	0	77	231	208	216	229	210	185	173	203	204	192	199	232	115	0	1	0	0	0	0	0	0	0	0	0	0	1	0	213	207	187	181	182	218	183	173	188	192	187	192	199	205	25	0	2	0	0	0	0	0	0	0	0	0	0	6	204	199	188	198	190	205	178	177	188	185	195	200	194	204	133	0	5	0	0	0	0	0	0	0	0	0	0	60	217	194	177	191	190	200	178	176	181	191	112	108	89	198	191	0	0	0	0	0	0	0	0	0	0	0	0	94	222	194	166	185	178	188	179	178	179	190	148	150	135	201	183	0	0	0	0	0	0	0	0	0	0	0	0	139	225	201	159	187	182	188	181	181	182	190	104	73	85	198	196	23	0	0	0	0	0	0	0	0	0	0	0	164	218	214	154	179	185	188	182	178	185	177	178	176	195	200	199	68	0	0	0	0	0	0	0	0	0	0	0	170	213	220	159	177	181	190	181	177	188	187	176	169	194	198	199	97	0	0	0	0	0	0	0	0	0	0	1	182	208	221	163	179	178	190	185	172	183	194	191	170	191	195	195	132	0	0	0	0	0	0	0	0	0	0	14	190	204	223	168	182	177	190	192	166	179	185	200	181	192	195	191	172	0	0	0	0	0	0	0	0	0	0	24	191	201	225	168	182	177	192	195	182	186	183	191	190	192	199	190	188	0	0	0	0	0	0	0	0	0	0	27	192	203	223	168	181	183	195	178	179	185	188	185	191	198	203	187	198	0	0	0	0	0	0	0	0	0	0	33	196	201	222	168	182	192	186	187	177	183	187	185	192	205	207	179	208	1	0	0	0	0	0	0	0	0	0	56	194	200	223	165	188	191	191	186	181	186	182	191	188	210	210	172	213	15	0	0	0	0	0	0	0	0	0	75	194	200	223	165	194	185	200	185	182	192	177	191	185	212	213	169	214	22	0	0	0	0	0	0	0	0	0	80	196	192	227	174	187	188	201	179	179	195	177	188	188	208	213	168	217	40	0	0	0	0	0	0	0	0	0	86	196	198	240	188	186	196	203	187	174	194	179	186	194	201	214	163	212	55	0	0	0	0	0	0	0	0	0	110	207	176	235	199	188	204	196	190	182	195	186	190	195	196	229	191	227	90	0	0	0	0	0	0	0	0	0	58	102	54	151	210	191	205	190	199	185	194	185	195	194	199	207	129	176	72	0	0	0	0	0	0	0	0	0	108	231	209	235	212	203	200	203	204	194	200	194	196	195	205	195	86	151	81	0	0	0	0	0	0	0	0	0	53	214	198	234	216	190	194	200	196	191	198	194	196	188	208	248	223	220	80	0	0	0	0	0	0	0	0	0	15	245	232	138	252	242	230	227	221	218	227	226	223	235	220	182	195	235	23	0	0	0	0	0	0	0	0	0	0	0	0	0	12	72	91	102	128	117	99	86	81	69	3	0	0	0	0	0	0	0	0
0	0	0	0	0	0	0	0	0	0	0	0	104	47	21	58	79	0	0	0	0	1	0	0	0	0	0	0	0	0	0	0	0	0	0	0	0	9	41	15	163	197	138	176	176	31	35	17	0	0	0	0	0	0	0	0	0	0	0	0	0	0	0	25	68	61	43	19	31	226	253	254	104	7	49	55	63	34	0	0	0	0	0	0	0	0	0	0	0	0	31	65	38	32	29	25	0	77	237	125	0	27	32	36	34	75	47	0	0	0	0	0	0	0	0	0	0	0	48	32	12	18	25	24	22	0	18	0	15	21	30	29	36	32	82	0	0	0	0	0	0	0	0	0	0	3	54	27	27	35	31	32	17	24	32	25	23	28	38	34	35	45	69	18	0	0	0	0	0	0	0	0	0	5	54	39	14	28	37	32	22	24	35	25	25	38	50	47	41	48	69	48	0	0	0	0	0	0	0	0	0	19	47	38	25	52	35	25	17	12	30	16	15	23	39	64	50	49	70	58	0	0	0	0	0	0	0	0	0	27	45	49	47	35	9	18	19	18	31	19	22	22	30	49	50	52	59	71	0	0	0	0	0	0	0	0	0	38	39	34	77	70	14	29	30	24	34	27	31	35	19	118	149	23	65	82	0	0	0	0	0	0	0	0	0	45	38	19	117	118	11	24	30	21	38	36	34	37	27	72	157	31	63	84	2	0	0	0	0	0	0	0	0	47	43	43	50	22	16	25	29	27	52	44	37	38	43	24	118	61	52	81	19	0	0	0	0	0	0	0	0	51	58	44	48	29	22	31	23	39	62	42	43	34	45	32	123	77	50	82	32	0	0	0	0	0	0	0	4	57	59	42	44	27	23	42	25	42	48	39	49	38	39	36	82	99	45	81	44	0	0	0	0	0	0	0	5	58	62	43	38	23	27	45	30	41	34	44	45	41	39	44	63	111	42	76	62	0	0	0	0	0	0	0	11	61	72	49	44	22	38	39	34	48	42	56	42	45	43	44	52	109	48	63	70	0	0	0	0	0	0	0	21	64	76	55	56	19	44	41	41	48	48	56	42	49	48	48	50	118	59	56	76	0	0	0	0	0	0	0	24	61	91	44	50	24	43	45	45	45	63	57	42	51	51	50	41	125	82	47	79	0	0	0	0	0	0	0	27	49	115	41	36	35	43	48	49	49	64	55	44	54	54	52	37	126	95	37	83	0	0	0	0	0	0	0	30	38	129	45	37	39	41	44	50	50	59	55	52	54	56	59	39	123	105	39	77	0	0	0	0	0	0	0	35	30	129	97	41	50	54	45	48	50	51	55	55	52	61	74	42	106	118	34	75	0	0	0	0	0	0	0	27	19	112	156	32	63	66	59	61	65	68	70	66	65	72	88	47	109	143	27	75	0	0	0	0	0	0	0	24	21	81	210	0	5	12	12	17	18	22	17	18	17	11	14	0	94	173	19	70	0	0	0	0	0	0	0	31	27	57	197	0	0	0	0	0	0	0	0	0	0	0	0	0	74	189	24	70	0	0	0	0	0	0	0	32	14	99	163	0	0	0	0	1	1	1	1	1	0	0	1	0	16	188	42	57	0	0	0	0	0	0	0	27	45	130	135	0	0	0	0	0	0	0	0	0	0	0	0	0	0	175	71	52	0	0	0	0	0	0	0	15	69	144	61	0	2	0	0	0	0	0	0	0	0	0	0	0	0	169	116	70	0	0	0	0	0	0	0	2	51	125	61	0	1	0	0	0	0	0	0	0	0	0	0	0	0	113	89	42	0	0	0
0	0	0	0	0	0	0	0	0	0	0	0	0	0	0	0	0	0	0	0	0	0	0	0	0	0	0	0	0	0	0	0	0	0	0	0	0	0	0	0	0	0	0	0	0	0	0	0	0	0	0	0	0	0	0	0	0	0	0	0	0	0	0	0	0	0	0	0	0	0	0	0	0	0	0	0	0	0	0	0	0	0	0	0	0	0	0	0	0	0	0	0	0	0	0	0	0	0	0	0	0	0	0	0	0	0	0	0	0	0	0	0	0	0	0	0	0	0	0	0	0	0	0	0	0	0	0	0	0	0	0	0	0	0	0	0	0	0	0	0	0	0	0	0	0	0	0	0	0	0	0	0	0	0	0	0	0	0	0	0	0	0	0	0	0	0	0	0	0	0	0	0	0	0	0	0	0	0	0	0	0	0	0	0	0	0	0	0	0	0	0	0	0	0	0	0	0	0	0	0	0	0	0	0	0	0	0	0	0	0	0	0	0	0	0	0	0	0	0	0	0	0	0	0	0	0	0	0	0	0	0	0	0	0	0	0	0	0	0	0	48	171	0	0	3	0	0	0	1	0	0	0	0	0	0	0	0	0	0	0	0	0	1	0	0	77	156	37	225	227	119	0	5	0	0	0	0	0	20	0	0	0	0	0	0	0	0	0	0	0	0	0	69	247	220	185	193	225	53	0	4	0	0	33	204	83	94	0	0	0	0	0	0	0	0	0	0	0	0	24	198	243	215	212	226	175	0	0	0	0	0	178	246	227	176	0	0	0	0	0	1	3	5	0	0	50	185	228	226	217	237	218	226	227	162	61	0	0	56	235	209	232	180	0	0	2	2	4	0	0	0	6	116	233	165	192	249	179	181	235	234	237	255	255	252	222	253	215	186	190	144	0	0	0	0	0	0	33	156	234	251	179	157	178	8	68	192	158	219	237	223	223	233	253	223	193	196	208	220	0	0	0	47	109	192	247	217	203	204	204	167	181	15	103	193	185	170	195	192	192	184	178	181	186	192	199	233	0	116	198	214	222	217	207	207	210	208	222	176	215	209	203	178	180	189	189	194	199	205	214	227	232	210	207	242	36	184	252	218	214	210	210	211	209	204	211	199	194	194	187	203	210	221	240	244	243	227	205	178	146	114	71	50	16	42	194	198	213	220	220	253	255	227	231	233	224	221	223	246	229	192	143	91	57	22	9	7	0	1	11	10	19	0	0	0	33	60	62	65	76	95	96	98	104	98	71	42	26	10	4	17	26	38	42	43	50	52	36	44	24	0	0	0	0	0	0	0	0	0	0	0	0	0	1	4	20	26	37	29	32	32	22	10	55	70	8	0	0	0	0	0	0	0	0	0	0	0	0	0	0	0	0	0	0	0	0	0	0	0	0	0	0	0	0	0	0	0	0	0	0	0	0	0	0	0	0	0	0	0	0	0	0	0	0	0	0	0	0	0	0	0	0	0	0	0	0	0	0	0	0	0	0	0	0	0	0	0	0	0	0	0	0	0	0	0	0	0	0	0	0	0	0	0	0	0	0	0	0	0	0	0	0	0	0	0	0	0	0	0	0	0	0	0	0	0	0	0	0	0	0	0	0	0	0	0	0	0	0	0	0	0	0	0	0	0	0	0	0	0	0	0	0	0	0	0	0	0	0	0	0	0	0	0	0	0	0	0	0	0	0	0	0	0	0	0	0	0	0	0	0	0	0	0	0	0	0	0	0	0	0	0	0	0	0	0	0	0	0	0	0	0	0	0	0	0	0	0	0	0	0	0	0	0	0
0	0	0	0	0	0	0	0	0	0	55	166	143	48	22	64	167	173	33	0	0	0	1	1	0	0	0	0	0	0	0	0	1	0	0	12	143	240	205	195	236	255	250	239	236	197	212	124	70	0	0	0	0	0	0	0	0	0	0	0	0	0	96	204	209	189	179	172	183	206	198	202	178	172	189	206	202	187	74	0	0	0	0	0	0	0	0	0	0	60	219	185	174	174	177	174	175	168	163	176	174	176	168	172	183	196	218	51	0	0	0	0	0	0	0	0	0	215	182	168	176	179	175	174	180	96	53	164	178	172	173	173	172	170	193	212	0	0	0	0	0	0	0	0	3	247	174	170	170	175	174	177	166	129	127	144	176	173	171	175	166	170	177	247	6	0	0	0	0	0	0	0	52	238	174	168	168	176	174	171	174	177	180	177	173	173	173	172	161	175	168	234	76	0	0	0	0	0	0	0	102	211	175	187	171	171	169	168	172	170	166	164	170	170	172	168	166	188	172	226	132	0	0	0	0	0	0	0	122	209	174	198	174	167	159	158	166	170	164	158	159	166	164	160	179	195	171	196	176	0	0	0	0	0	0	0	185	215	174	200	186	174	172	168	169	171	166	166	168	170	167	164	185	189	168	190	189	0	0	0	0	0	0	0	143	208	181	191	172	180	176	174	171	169	167	173	174	174	181	171	189	210	175	197	184	0	0	0	0	0	0	0	0	0	0	0	144	184	170	173	169	170	170	168	174	171	183	169	191	35	16	23	0	0	0	0	0	0	0	0	0	0	0	0	173	183	172	175	171	171	171	170	173	170	179	170	193	4	0	0	0	0	0	0	0	0	0	0	0	1	0	0	171	185	171	176	172	170	171	173	173	172	177	174	189	14	0	4	2	0	0	0	0	0	0	0	0	1	0	0	173	184	173	177	173	170	169	175	170	173	176	178	189	11	0	2	0	0	0	0	0	0	0	0	0	1	0	0	182	184	174	176	174	172	170	173	172	173	172	181	165	9	0	2	0	0	0	0	0	0	0	0	0	2	0	0	186	183	174	176	176	173	171	170	176	172	171	180	168	6	0	2	0	0	0	0	0	0	0	0	0	2	0	0	164	182	176	178	176	174	171	171	175	173	171	179	173	7	0	2	0	0	0	0	0	0	0	0	0	2	0	0	172	181	177	178	177	175	173	171	173	177	169	176	180	7	0	3	0	0	0	0	0	0	0	0	0	3	0	0	175	180	177	177	176	176	176	175	172	173	175	172	182	12	0	3	0	0	0	0	0	0	0	0	0	3	0	0	175	181	179	178	177	177	177	176	175	174	177	172	182	23	0	3	0	0	0	0	0	0	0	0	0	3	0	0	174	181	179	181	179	178	178	178	178	177	177	175	185	36	0	4	0	0	0	0	0	0	0	0	0	3	0	1	179	181	181	181	181	180	179	181	181	180	177	178	187	49	0	5	0	0	0	0	0	0	0	0	0	3	0	1	179	182	182	181	181	181	180	181	181	183	177	177	189	56	0	4	0	0	0	0	0	0	0	0	0	3	0	0	173	183	182	183	183	182	180	181	179	185	181	177	190	55	0	5	0	0	0	0	0	0	0	0	0	2	0	0	176	181	179	178	179	179	177	177	175	179	181	174	188	53	0	4	0	0	0	0	0	0	0	0	0	1	1	0	146	199	188	191	188	188	187	187	187	186	189	191	190	29	0	3	0	0	0	0	0	0	0	0	0	1	1	0	0	58	118	128	138	150	148	147	149	145	125	103	54	0	0	2	0	0	0	0
0	0	0	0	0	0	0	0	0	0	0	0	0	0	0	0	0	0	0	0	0	0	0	0	0	0	0	0	0	0	0	0	0	0	0	0	0	0	0	0	0	0	0	0	0	0	0	0	0	0	0	0	0	0	0	0	0	0	0	0	0	0	0	0	0	0	0	0	0	0	0	0	0	0	0	0	0	0	0	0	0	0	0	0	0	0	0	0	0	0	0	0	0	0	0	0	0	0	0	0	0	0	0	0	0	0	0	0	0	0	0	0	0	0	0	0	0	0	0	0	0	0	0	0	0	0	0	0	0	0	0	0	0	0	0	0	0	0	0	0	0	0	0	0	0	0	0	0	0	0	0	0	0	0	0	0	0	0	0	0	0	0	0	0	0	0	0	0	0	0	0	0	0	0	0	0	0	0	0	0	0	0	0	0	0	0	0	0	0	0	0	0	0	0	0	0	0	0	0	0	0	0	0	0	0	0	0	0	0	0	0	0	0	0	0	0	0	0	0	0	0	0	0	0	0	0	0	0	0	0	0	0	0	0	0	0	0	2	0	0	0	1	0	0	1	0	1	0	0	1	0	0	0	0	0	0	0	0	0	0	0	0	0	0	1	0	0	6	0	0	0	1	5	0	7	10	9	0	0	0	0	0	0	0	0	0	0	3	2	0	0	3	0	0	148	210	218	0	0	0	0	0	0	0	0	18	0	0	0	0	0	0	0	3	3	0	0	4	0	0	0	159	221	195	219	215	27	0	0	0	35	87	136	61	0	2	0	0	0	0	6	0	0	10	0	0	0	0	0	166	236	189	199	232	255	214	188	250	233	235	229	53	0	4	0	0	0	5	0	33	166	196	196	0	0	0	0	0	175	231	190	175	152	239	239	227	214	209	219	157	0	0	0	2	0	8	0	131	242	197	209	255	59	0	0	0	172	255	179	146	208	217	209	219	220	221	238	255	7	0	0	0	0	0	0	208	209	150	108	169	255	97	138	255	217	195	255	255	250	234	225	226	231	255	214	52	0	4	0	0	0	0	0	227	216	216	233	207	199	234	227	204	215	248	157	195	243	221	226	227	252	35	0	0	0	0	143	182	175	185	184	226	213	232	227	213	218	207	209	219	228	155	27	79	227	224	224	226	234	129	195	215	204	86	133	208	209	204	212	233	245	244	233	232	241	247	249	234	248	255	255	255	254	255	255	242	237	255	208	188	180	109	0	96	148	182	201	223	224	229	218	210	208	199	195	171	152	131	114	108	101	99	89	70	65	54	52	53	54	18	0	4	11	43	65	73	73	71	74	75	76	72	68	80	78	84	96	97	82	80	84	80	76	66	53	40	35	0	0	0	0	0	0	0	0	0	0	0	0	0	0	0	0	0	0	0	0	0	0	0	0	0	0	0	0	0	0	0	0	0	0	0	0	0	0	0	0	0	0	0	0	0	0	0	0	0	0	0	0	0	0	0	0	0	0	0	0	0	0	0	0	0	0	0	0	0	0	0	0	0	0	0	0	0	0	0	0	0	0	0	0	0	0	0	0	0	0	0	0	0	0	0	0	0	0	0	0	0	0	0	0	0	0	0	0	0	0	0	0	0	0	0	0	0	0	0	0	0	0	0	0	0	0	0	0	0	0	0	0	0	0	0	0	0	0	0	0	0	0	0	0	0	0	0	0	0	0	0	0	0	0	0	0	0	0	0	0	0	0	0	0	0	0	0	0	0	0	0	0	0	0	0	0	0	0	0	0	0	0	0	0	0	0	0	0	0	0	0	0	0	0	0	0	0
0	0	0	0	0	0	0	0	0	0	0	0	0	0	0	0	0	0	0	0	0	0	0	0	0	0	0	0	0	0	0	0	0	0	0	0	0	0	0	0	0	0	0	0	0	0	0	0	0	0	0	0	0	0	0	0	0	0	0	0	0	0	0	0	0	0	0	0	0	0	0	0	0	0	0	0	0	0	0	0	0	0	0	0	0	0	0	0	0	0	0	0	0	0	0	0	0	0	0	0	0	0	0	0	0	0	0	0	0	0	0	0	0	0	0	0	0	0	0	0	0	0	0	0	0	0	0	0	0	0	0	0	0	0	0	0	0	0	0	0	0	0	0	0	0	0	0	0	0	0	0	0	0	0	0	0	0	0	0	0	0	0	0	0	0	0	0	0	0	0	0	0	0	0	0	0	0	0	0	0	0	0	0	0	0	0	0	0	0	0	0	0	0	0	0	0	0	0	0	0	0	0	0	0	0	0	0	0	0	0	0	0	0	0	0	0	0	0	0	0	0	0	0	0	0	0	0	0	0	0	0	0	0	0	0	0	0	0	0	0	0	0	0	0	0	0	0	0	0	0	0	0	0	0	0	0	0	0	0	0	0	0	0	0	44	0	75	18	0	0	0	3	3	0	0	0	0	1	15	0	0	0	0	0	0	1	0	0	0	0	49	39	118	66	116	231	95	0	0	0	0	0	3	47	130	212	212	0	0	1	6	3	0	0	0	0	17	119	87	162	126	217	186	200	217	213	145	121	121	157	217	241	222	217	207	0	0	0	0	0	0	17	97	159	116	179	203	203	212	217	224	222	213	220	231	212	208	215	201	189	186	198	212	30	0	25	51	83	131	150	160	176	207	78	6	66	198	196	200	215	208	210	203	200	196	184	184	183	188	217	225	80	5	78	142	135	159	160	169	179	191	193	219	232	224	220	217	225	224	227	222	219	222	210	234	255	225	229	229	100	23	8	0	6	27	44	71	83	123	140	159	169	179	188	179	155	152	143	126	100	109	107	99	87	80	47	56	20	51	59	49	35	13	17	10	0	0	0	0	0	1	0	0	0	0	0	0	0	3	5	8	10	13	23	35	41	23	37	47	53	47	51	46	47	51	44	44	42	44	39	39	44	46	44	47	49	53	53	54	56	53	49	54	35	0	0	3	11	25	27	27	37	39	30	35	34	30	29	32	35	35	34	34	32	30	27	30	30	25	25	22	0	0	0	0	0	0	0	0	0	0	0	0	0	0	0	0	0	0	0	0	0	0	0	0	0	0	0	0	0	0	0	0	0	0	0	0	0	0	0	0	0	0	0	0	0	0	0	0	0	0	0	0	0	0	0	0	0	0	0	0	0	0	0	0	0	0	0	0	0	0	0	0	0	0	0	0	0	0	0	0	0	0	0	0	0	0	0	0	0	0	0	0	0	0	0	0	0	0	0	0	0	0	0	0	0	0	0	0	0	0	0	0	0	0	0	0	0	0	0	0	0	0	0	0	0	0	0	0	0	0	0	0	0	0	0	0	0	0	0	0	0	0	0	0	0	0	0	0	0	0	0	0	0	0	0	0	0	0	0	0	0	0	0	0	0	0	0	0	0	0	0	0	0	0	0	0	0	0	0	0	0	0	0	0	0	0	0	0	0	0	0	0	0	0	0	0	0	0	0	0	0	0	0	0	0	0	0	0	0	0	0	0	0	0	0	0	0	0	0	0	0	0	0	0	0	0	0	0	0	0	0	0	0	0	0	0	0	0	0	0	0	0	0	0	0	0	0	0	0	0	0	0	0
0	0	0	0	0	0	0	0	0	0	0	156	138	148	144	138	133	121	173	74	0	0	0	0	0	0	0	0	0	0	0	0	0	0	0	0	1	0	93	255	240	255	255	255	255	255	252	198	0	0	0	0	0	0	0	0	0	0	0	0	0	0	0	0	0	0	235	233	225	224	223	220	222	217	225	255	0	0	0	0	0	0	0	0	0	0	0	0	0	0	0	0	0	39	238	225	233	229	230	226	230	227	223	255	45	0	0	0	0	0	0	0	0	0	0	0	0	0	0	0	0	83	245	224	230	229	228	227	228	227	221	255	92	0	0	0	0	0	0	0	0	0	0	0	0	0	0	0	0	133	245	219	229	229	227	227	227	225	220	255	119	0	0	0	0	0	0	0	0	0	0	0	0	0	0	0	0	195	239	221	229	226	227	228	226	227	221	254	133	0	0	0	0	0	0	0	0	0	0	0	0	0	0	0	0	245	231	225	228	223	227	228	227	228	221	254	131	0	0	0	0	0	0	0	0	0	0	0	0	0	0	0	5	255	223	228	226	219	249	235	226	229	222	255	134	0	0	0	0	0	0	0	0	0	0	0	0	0	0	0	54	255	221	228	222	236	230	250	231	227	223	255	111	0	0	0	0	0	0	0	0	0	0	0	0	0	0	0	84	255	224	223	217	255	14	164	255	223	221	255	112	0	0	0	0	0	0	0	0	0	0	0	0	0	0	0	115	255	221	221	252	231	0	36	255	226	218	255	113	0	0	0	0	0	0	0	0	0	0	0	0	0	0	0	132	255	220	221	255	71	0	28	255	230	223	255	99	0	0	0	0	0	0	0	0	0	0	0	0	0	0	0	136	255	224	229	253	0	0	18	255	229	223	255	58	0	0	0	0	0	0	0	0	0	0	0	0	0	0	0	139	255	221	239	175	0	0	0	255	230	225	255	18	0	0	0	0	0	0	0	0	0	0	0	0	0	0	0	148	255	220	242	81	0	0	0	255	232	227	255	0	0	0	0	0	0	0	0	0	0	0	0	0	0	0	0	144	255	225	255	8	0	0	0	236	238	226	255	0	0	0	0	0	0	0	0	0	0	0	0	0	0	0	0	123	255	230	242	0	0	0	0	182	244	225	255	0	0	0	0	0	0	0	0	0	0	0	0	0	0	0	0	95	241	231	236	0	0	1	0	144	244	229	255	0	0	0	0	0	0	0	0	0	0	0	0	0	0	0	0	34	255	225	233	20	0	4	0	123	246	232	245	0	0	0	0	0	0	0	0	0	0	0	0	0	0	0	0	0	255	227	244	151	0	3	0	91	250	235	230	0	0	0	0	0	0	0	0	0	0	0	0	0	0	0	0	0	190	242	231	245	0	0	0	69	248	236	220	0	0	0	0	0	0	0	0	0	0	0	0	0	0	0	0	0	78	245	225	225	0	0	0	50	245	236	206	0	0	0	0	0	0	0	0	0	0	0	0	0	0	0	0	0	0	218	229	229	7	0	0	23	236	239	202	0	0	0	0	0	0	0	0	0	0	0	0	0	0	0	0	0	0	181	240	233	26	0	0	0	223	246	177	0	0	0	0	0	0	0	0	0	0	0	0	0	0	0	0	2	0	76	239	235	89	0	0	0	208	252	108	0	0	0	0	0	0	0	0	0	0	0	0	0	0	0	0	3	0	0	220	255	166	0	0	0	202	255	102	0	0	0	0	0	0	0	0	0	0	0	0	0	0	0	0	0	0	0	124	137	0	0	0	0	108	185	33	0	0	0	0	0	0	0	0
0	0	0	0	0	0	0	0	0	0	0	0	0	0	0	0	0	0	0	0	0	0	0	0	0	0	0	0	0	0	0	0	0	0	0	0	0	0	0	0	0	0	0	0	0	0	0	0	0	0	0	0	0	0	0	0	0	0	0	0	0	0	0	0	0	0	0	0	0	0	0	0	0	0	0	0	0	0	0	0	0	0	0	0	0	0	0	0	0	0	0	0	0	0	0	0	0	0	0	0	0	0	0	0	0	0	0	0	0	0	0	0	0	0	0	0	0	0	0	0	0	0	0	0	0	0	0	0	0	0	0	0	0	0	0	0	0	0	0	0	0	0	0	0	0	0	0	0	0	0	0	0	0	0	0	0	0	0	0	0	0	0	0	0	0	0	0	0	0	0	0	0	0	0	0	0	0	0	0	0	0	0	0	0	0	0	0	0	0	0	0	0	0	0	0	0	0	0	0	0	0	0	0	0	0	0	0	0	0	0	0	0	0	0	0	0	0	0	0	0	0	0	0	0	0	0	0	0	0	0	0	0	0	0	0	0	0	0	0	0	0	0	0	0	0	0	0	0	0	0	0	0	0	0	0	0	0	0	0	0	0	0	0	1	4	0	0	0	60	0	0	2	0	0	0	2	0	0	0	0	0	0	0	0	0	0	0	0	0	2	1	0	0	0	80	168	184	62	0	0	1	1	2	0	37	38	0	0	0	0	0	0	0	0	0	0	0	0	0	0	82	193	216	197	174	197	65	0	0	0	0	0	54	48	16	0	0	0	0	0	1	2	0	0	0	30	126	174	190	132	136	160	203	241	243	207	120	52	0	0	0	0	0	0	0	0	0	0	0	0	0	109	190	208	180	165	136	176	200	201	187	213	220	234	250	250	208	34	49	164	130	0	0	0	0	0	19	28	208	188	141	139	164	187	227	230	222	223	225	214	214	209	217	217	222	224	219	216	222	68	0	67	106	111	124	162	151	151	157	213	219	215	227	216	205	205	213	212	207	207	216	218	214	209	203	201	204	116	1	234	199	158	143	155	167	180	180	193	200	212	217	224	231	231	250	254	255	255	255	255	255	255	227	220	210	163	5	25	71	140	203	211	199	204	220	176	188	202	211	211	202	186	162	146	122	106	89	66	51	45	48	38	47	8	0	33	23	0	0	2	6	6	6	3	0	0	0	0	0	0	0	0	0	0	0	0	168	37	0	7	8	8	0	0	0	14	22	24	27	25	27	25	24	24	25	26	27	30	33	31	34	37	29	14	72	24	26	31	29	15	0	0	0	0	0	0	0	0	0	0	0	0	0	0	0	0	0	0	0	0	0	0	0	0	0	0	0	0	0	0	0	0	0	0	0	0	0	0	0	0	0	0	0	0	0	0	0	0	0	0	0	0	0	0	0	0	0	0	0	0	0	0	0	0	0	0	0	0	0	0	0	0	0	0	0	0	0	0	0	0	0	0	0	0	0	0	0	0	0	0	0	0	0	0	0	0	0	0	0	0	0	0	0	0	0	0	0	0	0	0	0	0	0	0	0	0	0	0	0	0	0	0	0	0	0	0	0	0	0	0	0	0	0	0	0	0	0	0	0	0	0	0	0	0	0	0	0	0	0	0	0	0	0	0	0	0	0	0	0	0	0	0	0	0	0	0	0	0	0	0	0	0	0	0	0	0	0	0	0	0	0	0	0	0	0	0	0	0	0	0	0	0	0	0	0	0	0	0	0	0	0	0	0	0	0	0	0	0	0	0	0	0	0	0	0	0	0	0	0	0	0	0	0	0
0	0	0	0	0	0	0	0	0	0	20	0	0	0	0	0	0	0	53	0	0	0	0	0	0	0	0	0	0	0	0	0	0	0	0	0	0	100	248	193	89	18	0	29	101	190	242	33	0	0	0	0	0	0	0	0	0	0	0	0	0	0	0	0	0	145	255	241	251	255	255	255	250	238	252	86	0	0	0	0	0	0	0	0	0	0	0	0	0	0	0	0	0	174	251	229	229	230	231	225	224	224	255	122	0	0	0	0	0	0	0	0	0	0	0	0	0	0	0	0	0	180	253	232	231	226	228	225	223	227	252	136	0	0	0	0	0	0	0	0	0	0	0	0	0	0	0	0	0	181	253	225	233	230	229	230	230	223	252	148	0	0	0	0	0	0	0	0	0	0	0	0	0	0	0	0	0	207	255	230	239	238	236	238	243	230	253	165	0	0	0	0	0	0	0	0	0	0	0	0	0	0	0	0	0	228	254	231	238	239	237	237	242	230	251	183	0	0	0	0	0	0	0	0	0	0	0	0	0	0	0	0	0	241	251	232	239	241	239	239	240	231	249	208	0	0	0	0	0	0	0	0	0	0	0	0	0	0	0	0	0	249	249	232	241	242	240	238	241	235	248	227	0	0	0	0	0	0	0	0	0	0	0	0	0	0	0	0	0	255	246	233	243	243	239	237	243	240	245	243	0	0	0	0	0	0	0	0	0	0	0	0	0	0	0	0	0	255	242	237	243	244	240	239	243	243	241	255	0	0	0	0	0	0	0	0	0	0	0	0	0	0	0	0	9	255	236	239	243	245	241	238	245	246	239	255	0	0	0	0	0	0	0	0	0	0	0	0	0	0	0	0	43	255	231	241	242	247	242	237	249	248	233	255	32	0	0	0	0	0	0	0	0	0	0	0	0	0	0	0	100	255	231	242	243	247	243	238	249	251	232	255	87	0	0	0	0	0	0	0	0	0	0	0	0	0	0	0	142	255	233	242	244	249	243	238	250	252	232	255	138	0	0	0	0	0	0	0	0	0	0	0	0	0	0	0	187	255	237	241	243	251	242	238	250	249	235	255	184	0	0	0	0	0	0	0	0	0	0	0	0	0	0	0	220	255	240	240	243	251	243	238	247	249	238	255	243	0	0	0	0	0	0	0	0	0	0	0	0	0	0	0	0	239	255	237	242	251	244	239	247	244	253	210	0	0	0	0	0	0	0	0	0	0	0	0	0	0	0	0	0	19	232	255	240	251	244	237	244	255	255	0	0	0	0	0	0	0	0	0	0	0	0	0	0	0	0	0	1	0	0	255	247	251	247	236	245	255	33	0	1	0	0	0	0	0	0	0	0	0	0	0	0	0	0	0	0	0	0	243	254	246	249	233	254	182	0	0	0	0	0	0	0	0	0	0	0	0	0	0	0	0	0	0	0	0	0	195	254	246	249	239	254	73	0	2	0	0	0	0	0	0	0	0	0	0	0	0	0	0	0	0	0	1	0	163	255	244	249	241	246	31	0	3	0	0	0	0	0	0	0	0	0	0	0	0	0	0	0	0	0	6	0	59	253	247	251	243	252	5	0	4	0	0	0	0	0	0	0	0	0	0	0	0	0	0	0	0	0	0	0	0	128	255	240	250	161	0	0	1	0	0	0	0	0	0	0	0	0	0	0	0	0	0	0	0	0	0	0	0	0	215	255	200	0	0	0	0	0	0	0	0	0	0	0	0	0	0	0	0	0	0	0	0	0	0	0	0	0	0	213	24	0	0	0	0	0	0	0	0	0	0	0	0
0	0	0	0	0	0	0	0	0	144	192	196	160	112	86	171	198	192	140	0	0	0	0	0	0	0	0	0	0	0	0	0	0	0	0	0	228	214	199	207	255	254	225	255	209	201	216	219	0	0	0	0	0	0	0	0	0	0	0	0	0	0	0	50	217	190	195	190	181	188	195	182	192	199	194	218	47	0	0	0	0	0	0	0	0	0	0	0	0	0	0	82	220	197	192	198	197	196	193	197	199	199	197	221	75	0	0	0	0	0	0	0	0	0	0	0	0	0	0	138	221	213	204	195	194	196	195	196	197	198	210	222	129	0	0	0	0	0	0	0	0	0	0	0	0	0	0	157	225	192	194	203	198	198	199	198	208	193	192	227	175	0	0	0	0	0	0	0	0	0	0	0	0	0	0	176	236	86	168	231	200	200	203	201	232	163	88	238	172	0	0	0	0	0	0	0	0	0	0	0	0	0	0	192	238	76	161	233	199	201	201	197	234	150	78	241	187	0	0	0	0	0	0	0	0	0	0	0	0	0	0	202	242	54	153	232	196	201	200	195	233	143	59	241	200	0	0	0	0	0	0	0	0	0	0	0	0	0	20	214	232	0	167	230	198	200	201	195	231	148	0	234	212	13	0	0	0	0	0	0	0	0	0	0	0	0	47	228	218	0	189	222	200	203	201	196	224	180	0	228	227	38	0	0	0	0	0	0	0	0	0	0	0	0	79	240	176	0	232	209	201	201	201	199	210	227	0	186	240	74	0	0	0	0	0	0	0	0	0	0	0	0	96	243	156	0	254	198	201	202	202	200	198	253	0	167	243	90	0	0	0	0	0	0	0	0	0	0	0	0	95	246	135	53	254	200	206	205	203	202	198	254	50	140	244	90	0	0	0	0	0	0	0	0	0	0	0	0	93	246	101	125	241	198	206	207	207	205	196	241	117	117	245	89	0	0	0	0	0	0	0	0	0	0	0	0	101	242	101	150	230	199	205	206	206	206	199	230	146	112	244	98	0	0	0	0	0	0	0	0	0	0	0	0	104	243	114	159	228	202	207	206	205	206	203	230	156	120	243	103	0	0	0	0	0	0	0	0	0	0	0	0	104	241	133	166	224	203	207	207	206	207	202	223	160	140	239	102	0	0	0	0	0	0	0	0	0	0	0	0	106	239	160	170	217	200	205	204	204	204	202	217	160	163	238	104	0	0	0	0	0	0	0	0	0	0	0	0	109	234	192	169	215	199	204	204	204	203	199	217	162	192	234	107	0	0	0	0	0	0	0	0	0	0	0	0	132	229	201	168	218	200	206	205	204	204	199	216	169	206	226	132	0	0	0	0	0	0	0	0	0	0	0	0	151	237	203	151	226	199	206	205	204	203	197	230	143	211	236	149	0	0	0	0	0	0	0	0	0	0	0	0	4	33	0	152	216	201	207	207	206	204	197	215	141	0	30	3	0	0	0	0	0	0	0	0	0	0	0	0	0	0	0	146	218	202	208	207	207	205	197	217	135	0	0	0	0	0	0	0	0	0	0	0	0	0	0	0	2	4	0	139	220	201	209	209	208	205	200	220	126	0	6	1	0	0	0	0	0	0	0	0	0	0	0	0	0	3	0	108	223	201	207	204	204	203	199	220	97	0	3	0	0	0	0	0	0	0	0	0	0	0	0	0	0	3	0	64	222	206	221	223	225	218	204	222	57	0	3	0	0	0	0	0	0	0	0	0	0	0	0	0	0	2	0	38	213	201	189	174	172	178	187	195	29	0	1	0	0	0	0	0	0	0
0	0	0	0	0	0	0	0	0	2	0	0	167	178	138	143	155	0	0	2	0	0	0	0	0	0	0	0	0	0	0	0	0	0	0	2	0	0	0	43	140	136	76	136	143	51	0	0	0	2	0	0	0	0	0	0	0	0	0	0	0	0	0	0	0	58	118	134	107	93	99	78	105	134	116	55	0	0	0	0	0	0	0	0	0	0	0	0	0	0	0	68	132	124	107	66	68	161	172	116	78	62	95	128	128	62	0	0	0	0	0	0	0	0	0	0	0	0	66	122	101	95	109	132	151	188	172	161	176	126	101	82	101	114	58	0	2	0	0	0	0	0	0	0	0	0	130	122	80	89	97	132	87	105	85	58	76	107	103	72	87	93	97	0	0	0	0	0	0	0	0	0	0	0	130	105	80	99	78	74	97	80	101	97	80	64	68	78	85	107	120	0	0	0	0	0	0	0	0	0	0	4	136	120	95	76	89	74	103	89	93	82	76	82	80	85	89	99	126	12	0	0	0	0	0	0	0	0	0	22	138	126	134	72	80	78	93	80	80	78	76	95	85	76	95	120	128	33	0	0	0	0	0	0	0	0	0	49	122	157	155	72	101	87	91	76	80	85	91	91	82	82	80	157	124	55	0	0	0	0	0	0	0	0	0	66	114	209	186	76	116	95	97	97	103	80	87	99	87	66	120	196	105	82	0	0	0	0	0	0	0	0	0	82	109	203	184	87	109	101	93	87	105	93	82	103	95	41	165	194	72	105	0	0	0	0	0	0	0	0	0	103	85	203	170	93	103	105	85	114	101	126	70	120	114	29	221	167	74	111	0	0	0	0	0	0	0	0	0	120	74	232	167	89	107	107	97	130	101	130	72	107	132	26	236	138	85	126	4	0	0	0	0	0	0	0	0	126	68	240	151	87	122	105	76	99	89	120	97	87	143	33	228	120	89	136	26	0	0	0	0	0	0	0	0	132	64	236	118	93	120	91	128	116	68	124	109	80	138	68	122	107	109	114	47	0	0	0	0	0	0	0	24	134	70	246	114	97	116	114	118	93	89	105	105	82	138	93	105	124	124	109	58	0	0	0	0	0	0	0	45	128	80	255	126	93	114	109	101	91	118	122	101	74	126	82	172	184	99	99	76	0	0	0	0	0	0	0	62	128	85	255	138	91	109	107	105	105	107	111	107	80	114	97	126	215	132	82	89	0	0	0	0	0	0	0	87	122	101	223	101	101	105	116	107	103	95	111	114	91	105	126	72	252	153	78	87	0	0	0	0	0	0	0	97	109	120	199	87	111	107	114	107	103	107	124	107	93	91	145	43	246	151	85	89	0	0	0	0	0	0	0	103	109	128	203	85	111	105	114	107	103	116	149	107	105	82	147	49	217	153	80	91	0	0	0	0	0	0	0	103	103	145	203	91	111	109	114	109	103	91	130	114	105	87	140	51	194	161	87	85	0	0	0	0	0	0	0	95	97	170	165	91	109	116	114	109	114	101	109	118	103	93	132	68	174	176	114	66	0	0	0	0	0	0	0	76	111	186	136	93	120	107	114	116	111	105	105	105	107	97	126	72	186	155	114	51	0	0	0	0	0	0	0	51	105	174	93	82	132	105	111	114	109	118	107	95	107	95	118	85	159	151	93	45	0	0	0	0	0	0	0	85	116	170	122	0	143	128	118	120	118	147	153	109	118	109	140	58	99	155	101	64	0	0	0	0	0	0	0	51	101	165	122	0	10	68	91	101	97	107	111	91	95	72	37	0	82	170	97	60	0	0	0
0	0	0	0	0	0	0	0	0	0	0	0	0	0	0	0	0	0	0	0	0	0	0	0	0	0	0	0	0	0	0	0	0	0	0	0	0	0	0	0	0	0	0	0	0	0	0	0	0	0	0	0	0	0	0	0	0	0	0	0	0	0	0	0	0	3	1	0	0	188	215	226	218	203	125	23	0	0	0	0	0	0	0	0	0	0	0	0	0	0	0	0	0	2	1	0	0	227	243	230	231	240	255	255	182	105	92	86	83	78	47	0	0	0	0	0	0	0	0	0	0	0	0	0	0	111	238	221	225	219	221	223	227	238	237	233	229	232	231	162	0	0	0	0	0	0	0	0	0	0	0	7	0	38	237	222	229	223	224	221	207	218	217	209	212	204	212	96	0	0	0	0	0	0	0	0	0	0	0	4	0	1	222	230	224	224	220	218	228	214	220	212	217	213	209	28	0	0	0	0	0	0	0	0	0	0	0	1	0	0	205	237	220	223	230	221	229	221	230	216	212	217	215	0	0	0	0	0	0	0	0	0	0	0	0	0	0	0	102	239	219	224	226	209	211	241	229	218	213	228	168	0	0	0	0	0	0	0	0	0	0	0	0	1	0	0	144	231	233	245	250	214	212	233	220	219	216	230	78	0	0	0	0	0	0	0	0	0	0	0	0	2	0	0	242	227	215	204	185	212	202	184	192	204	213	225	74	0	0	0	0	0	0	0	0	0	0	0	0	2	0	0	217	227	212	198	193	195	209	206	212	213	211	219	99	0	0	0	0	0	0	0	0	0	0	0	0	0	0	0	202	236	230	238	223	236	219	183	234	239	222	205	14	0	0	0	0	0	0	0	0	0	2	2	0	1	0	0	204	235	229	231	225	224	201	210	184	215	211	226	0	0	0	0	0	0	0	0	0	0	0	0	0	3	0	11	251	217	218	209	216	216	225	220	202	219	217	231	0	0	0	0	0	0	0	0	0	0	0	0	5	0	0	169	230	222	226	222	223	237	218	254	238	217	214	202	0	0	0	0	0	0	0	0	0	3	3	0	0	0	145	212	219	229	214	218	229	224	212	173	187	214	202	222	77	0	0	3	2	2	2	1	0	0	0	0	43	150	198	205	217	226	209	216	211	231	220	191	202	199	196	217	169	0	0	0	0	0	0	0	0	9	55	147	194	184	189	215	215	225	208	228	211	223	208	209	203	204	192	212	201	0	0	31	128	144	141	146	149	175	194	177	181	201	204	210	216	219	208	236	213	220	211	210	206	201	196	205	219	0	0	168	152	133	153	121	125	155	171	195	198	196	216	209	210	198	207	224	214	234	217	212	209	213	214	209	229	0	59	221	203	150	111	106	134	165	172	198	205	206	209	215	210	187	217	222	213	227	198	210	214	215	211	213	224	0	101	164	210	229	206	180	162	180	183	202	213	211	219	215	217	231	230	214	205	218	198	215	226	227	219	220	203	40	0	138	159	184	216	223	205	203	208	208	217	213	217	216	213	216	221	217	214	220	239	226	218	210	197	175	179	91	0	0	72	154	170	189	207	219	220	225	226	226	226	221	218	218	211	219	210	177	145	135	125	115	108	120	134	74	4	0	0	0	69	146	179	187	193	197	204	210	210	212	195	161	116	78	20	126	170	140	155	164	162	169	146	70	0	0	1	0	0	0	15	76	105	116	114	92	74	35	6	0	0	0	0	61	143	88	87	78	50	29	5	0	0	0	0	0	0	0	0	0	0	0	0	0	0	0	0	0	0	0	0	0	0	0	0	0	0	0	0	0
0	0	0	0	0	0	0	0	1	1	0	0	37	48	62	67	19	0	2	1	0	0	0	0	0	0	0	0	0	0	0	0	0	0	0	0	0	0	0	83	147	120	148	229	155	0	0	0	0	1	1	0	0	0	0	0	0	0	0	0	0	0	0	0	12	59	131	225	209	195	232	253	176	144	90	12	0	0	0	1	0	0	0	0	0	0	0	0	0	0	95	177	213	221	207	213	220	201	228	192	202	198	208	205	178	89	0	0	0	0	0	0	0	0	0	0	0	76	230	205	199	204	195	201	209	231	189	207	191	172	182	189	199	207	100	0	0	0	0	0	0	0	0	0	0	211	206	199	212	218	204	222	200	217	180	194	208	186	204	201	189	198	207	18	0	0	0	0	0	0	0	0	105	221	211	197	201	199	181	201	187	202	177	177	187	175	181	185	178	184	201	120	0	0	0	0	0	0	0	0	209	204	213	209	204	212	198	219	196	212	182	192	201	197	207	202	172	194	197	202	0	0	0	0	0	0	0	4	255	207	218	233	204	211	192	209	198	198	181	190	201	147	136	154	191	212	185	221	3	0	0	0	0	0	0	79	207	199	223	245	186	204	189	201	196	186	176	184	196	174	160	143	219	221	167	189	98	0	0	0	0	0	0	186	239	205	202	229	211	211	197	220	202	198	192	200	207	195	201	168	251	250	201	205	134	0	0	0	0	0	0	14	144	219	239	225	201	209	190	207	206	196	184	194	197	186	179	172	115	207	174	36	0	0	0	0	0	0	0	0	0	2	67	46	229	202	187	201	201	190	166	185	194	178	167	186	32	0	0	0	0	0	0	0	0	0	0	0	0	0	0	0	252	205	201	216	212	204	185	201	208	199	186	176	45	0	2	0	0	0	0	0	0	0	0	0	0	2	0	0	213	199	186	201	197	196	175	198	185	178	186	165	18	0	1	0	0	0	0	0	0	0	0	0	0	0	0	0	196	207	184	202	199	202	176	187	192	162	197	199	4	0	2	0	0	0	0	0	0	0	0	0	0	0	0	0	177	211	195	213	220	212	180	199	213	184	194	176	2	0	2	0	0	0	0	0	0	0	0	0	0	0	0	0	171	207	192	198	197	195	176	182	197	179	178	179	32	0	4	0	0	0	0	0	0	0	0	0	0	0	0	0	182	209	197	207	212	207	185	200	204	188	188	186	34	0	4	0	0	0	0	0	0	0	0	0	0	0	0	0	164	212	201	217	215	206	191	206	201	190	192	179	52	0	5	0	0	0	0	0	0	0	0	0	0	0	0	0	160	211	192	205	197	196	182	189	202	170	192	178	44	0	5	0	0	0	0	0	0	0	0	0	0	0	0	0	161	223	205	219	216	220	198	188	222	200	199	192	60	0	3	0	0	0	0	0	0	0	0	0	0	0	0	0	174	216	202	211	202	218	198	182	207	190	194	190	51	0	2	0	0	0	0	0	0	0	0	0	0	1	0	0	177	217	198	200	208	211	195	182	197	191	200	190	124	0	2	0	0	0	0	0	0	0	0	0	0	2	0	0	194	222	211	218	225	223	212	208	209	192	208	192	88	0	2	0	0	0	0	0	0	0	0	0	0	1	0	0	162	222	201	204	209	209	198	196	204	187	189	177	0	0	1	0	0	0	0	0	0	0	0	0	0	0	2	0	29	235	209	211	220	218	199	201	211	199	222	135	0	0	0	0	0	0	0	0	0	0	0	0	0	0	0	0	0	146	217	205	216	218	205	217	215	189	93	0	0	0	0	0	0	0	0	0
0	0	0	0	0	0	0	0	0	63	120	143	171	167	156	168	149	145	54	0	0	0	0	0	0	0	0	0	0	0	0	0	0	0	0	0	0	133	162	188	195	186	165	183	205	185	93	0	0	0	0	0	0	0	0	0	0	0	0	0	0	0	0	0	0	115	157	168	176	193	192	191	173	125	78	0	0	0	0	0	0	0	0	0	0	0	0	0	0	0	0	0	0	145	149	156	167	187	175	188	142	145	125	0	0	0	0	0	0	0	0	0	0	0	0	0	0	0	0	0	0	159	150	172	182	197	202	205	177	157	120	0	0	0	0	0	0	0	0	0	0	0	0	0	0	0	0	0	0	162	170	178	188	212	217	210	198	176	127	0	0	0	0	0	0	0	0	0	0	0	0	0	0	0	0	0	0	150	157	159	200	195	216	217	181	149	117	0	0	0	0	0	0	0	0	0	0	0	0	0	0	0	0	0	0	154	151	151	226	122	127	252	176	134	113	0	0	0	0	0	0	0	0	0	0	0	0	0	0	0	0	0	0	159	145	150	249	82	39	255	170	142	122	0	0	0	0	0	0	0	0	0	0	0	0	0	0	0	0	0	0	152	152	156	241	10	0	254	180	144	122	0	0	0	0	0	0	0	0	0	0	0	0	0	0	0	0	0	0	148	161	157	226	0	0	250	183	143	113	0	0	0	0	0	0	0	0	0	0	0	0	0	0	0	0	0	0	142	162	166	214	0	0	236	186	143	116	0	0	0	0	0	0	0	0	0	0	0	0	0	0	0	0	0	0	118	151	167	202	0	0	202	195	139	106	0	0	0	0	0	0	0	0	0	0	0	0	0	0	0	0	0	0	109	157	170	190	0	0	166	202	152	85	0	0	0	0	0	0	0	0	0	0	0	0	0	0	0	0	0	0	117	157	181	153	0	0	144	208	154	78	0	0	0	0	0	0	0	0	0	0	0	0	0	0	0	0	0	0	111	153	190	132	0	0	139	217	155	74	0	0	0	0	0	0	0	0	0	0	0	0	0	0	0	0	0	0	118	158	189	125	0	0	136	216	167	68	0	0	0	0	0	0	0	0	0	0	0	0	0	0	0	0	0	0	116	182	195	116	0	0	136	214	172	59	0	0	0	0	0	0	0	0	0	0	0	0	0	0	0	0	0	0	99	194	197	99	0	0	132	207	183	67	0	0	0	0	0	0	0	0	0	0	0	0	0	0	0	0	0	0	91	192	199	95	0	0	121	201	183	71	0	0	0	0	0	0	0	0	0	0	0	0	0	0	0	0	0	0	78	192	190	89	0	0	103	203	180	62	0	0	0	0	0	0	0	0	0	0	0	0	0	0	0	0	0	0	60	197	187	81	0	0	80	199	185	41	0	0	0	0	0	0	0	0	0	0	0	0	0	0	0	0	0	0	27	195	196	80	0	0	54	199	183	25	0	0	0	0	0	0	0	0	0	0	0	0	0	0	0	0	0	0	7	193	199	82	0	0	43	201	191	37	0	0	0	0	0	0	0	0	0	0	0	0	0	0	0	0	0	0	0	196	203	82	0	0	22	199	197	39	0	0	0	0	0	0	0	0	0	0	0	0	0	0	0	0	0	0	0	190	207	88	0	0	9	201	203	26	0	0	0	0	0	0	0	0	0	0	0	0	0	0	0	0	0	0	0	201	219	101	0	0	20	215	212	42	0	0	0	0	0	0	0	0	0	0	0	0	0	0	0	0	0	0	0	153	170	50	0	0	4	167	167	19	0	0	0	0	0	0	0	0	0
0	0	0	0	0	0	0	0	0	0	0	16	0	0	1	31	7	0	0	1	0	0	0	0	0	0	0	0	0	0	0	0	0	0	0	0	5	0	0	160	159	49	157	139	167	56	0	0	3	0	0	0	0	0	0	0	0	0	0	0	0	0	1	0	0	0	72	97	239	223	217	212	190	120	39	0	0	2	0	0	0	0	0	0	0	0	0	0	0	0	0	0	27	96	138	38	138	226	193	235	161	98	132	122	12	0	0	1	0	0	0	0	0	0	0	0	3	0	13	181	151	175	90	98	88	79	54	48	122	90	134	160	156	106	0	0	0	0	0	0	0	0	0	0	0	0	127	167	115	137	125	43	80	149	220	93	55	85	194	124	142	150	2	0	2	0	0	0	0	0	0	0	0	0	171	165	145	114	189	116	223	188	114	220	105	127	161	127	132	144	53	0	4	0	0	0	0	0	0	0	0	10	164	159	185	127	116	171	114	79	98	93	127	160	115	122	108	158	104	0	0	0	0	0	0	0	0	0	0	43	170	164	163	158	96	85	97	124	121	103	101	120	143	133	154	159	134	0	0	0	0	0	0	0	0	0	0	91	174	167	174	153	141	115	114	114	127	127	114	114	121	138	155	155	156	0	0	0	0	0	0	0	0	0	0	127	168	177	223	155	164	133	124	123	119	144	126	141	138	159	152	146	172	7	0	0	0	0	0	0	0	0	0	162	168	177	228	158	170	142	128	136	130	147	128	136	142	144	203	136	185	27	0	0	0	0	0	0	0	0	0	178	176	169	237	182	148	149	141	139	139	147	136	124	145	145	228	136	187	68	0	0	0	0	0	0	0	0	0	192	170	154	255	157	141	156	142	127	147	163	139	137	119	156	238	135	185	98	0	0	0	0	0	0	0	0	26	199	169	170	236	126	156	155	148	128	145	171	139	150	136	126	233	120	172	125	0	0	0	0	0	0	0	0	45	197	167	182	215	131	166	159	144	142	159	175	136	147	151	123	212	141	153	145	0	0	0	0	0	0	0	0	62	193	158	198	189	134	163	154	146	143	147	185	129	136	159	138	171	161	142	163	0	0	0	0	0	0	0	0	65	183	187	209	157	154	162	151	163	136	124	189	143	132	138	145	149	175	130	174	0	0	0	0	0	0	0	0	75	187	215	217	131	146	146	157	188	142	128	200	155	119	118	119	117	182	137	168	14	0	0	0	0	0	0	0	90	177	206	216	140	162	162	168	187	137	131	187	181	158	145	134	133	210	177	169	43	0	0	0	0	0	0	0	106	168	220	207	129	168	151	154	189	132	133	183	159	147	163	141	144	215	182	176	59	0	0	0	0	0	0	0	124	152	222	204	119	157	148	158	171	137	132	176	164	133	164	130	116	211	195	171	80	0	0	0	0	0	0	0	130	149	233	185	121	157	155	172	160	136	136	171	166	140	154	142	127	229	183	178	100	0	0	0	0	0	0	0	130	151	217	166	121	153	157	150	153	146	146	173	159	142	152	140	121	221	174	177	105	0	0	0	0	0	0	0	129	160	192	170	130	154	145	154	152	133	139	164	158	134	146	149	127	185	184	164	116	0	0	0	0	0	0	0	113	154	188	165	142	188	184	161	182	179	162	166	162	158	181	180	141	184	183	153	116	0	0	0	0	0	0	0	131	172	203	207	0	30	36	37	23	46	61	59	59	60	61	46	0	255	194	159	145	0	0	0	0	0	0	0	50	90	135	71	0	0	0	0	0	0	0	0	0	0	0	0	0	128	135	94	45	0	0	0
0	0	0	0	0	0	0	0	0	0	0	0	0	0	0	0	152	38	0	0	0	0	0	0	0	0	0	0	0	0	0	0	0	0	0	0	0	0	0	0	129	152	148	203	226	176	0	0	0	0	0	0	0	0	0	0	0	0	0	0	0	0	0	0	0	2	0	41	236	230	220	199	193	215	74	0	0	0	0	0	0	0	0	0	0	0	0	0	0	0	0	0	0	0	0	148	212	191	192	193	194	209	158	0	0	0	0	0	0	0	0	0	0	0	0	0	0	0	0	0	0	0	86	217	195	193	189	191	201	203	210	0	0	0	0	0	0	0	0	0	0	0	0	0	0	0	0	0	0	0	214	218	196	191	186	189	222	209	199	52	0	0	0	0	0	0	0	0	0	0	0	0	0	0	0	0	0	0	106	219	195	195	184	217	123	95	215	109	0	0	0	0	0	0	0	0	0	0	0	0	0	0	0	0	0	0	121	220	205	201	185	239	4	0	255	166	0	0	0	0	0	0	0	0	0	0	0	0	0	0	0	0	0	0	237	197	206	199	192	202	0	0	238	181	0	0	0	0	0	0	0	0	0	0	0	0	0	0	0	0	0	97	236	191	206	207	196	176	0	0	188	153	0	0	0	0	0	0	0	0	0	0	0	0	0	0	0	0	0	185	203	190	198	195	196	206	0	2	218	137	0	0	0	0	0	0	0	0	0	0	0	0	0	0	0	0	0	203	201	191	202	205	188	227	0	0	169	64	0	0	0	0	0	0	0	0	0	0	0	0	0	0	0	0	0	149	222	198	192	212	187	197	67	0	0	0	0	0	0	0	0	0	0	0	0	0	0	0	0	0	0	0	0	68	232	197	195	207	193	200	124	0	2	0	0	0	0	0	0	0	0	0	0	0	0	0	0	0	0	0	0	44	230	198	201	200	192	195	180	0	0	0	0	0	0	0	0	0	0	0	0	0	0	0	0	0	0	0	0	74	231	197	200	199	194	197	203	0	0	1	0	0	0	0	0	0	0	0	0	0	0	0	0	0	0	0	0	97	232	194	203	200	191	200	174	0	0	0	0	0	0	0	0	0	0	0	0	0	0	0	0	0	0	0	0	101	232	194	204	203	193	206	121	0	1	0	0	0	0	0	0	0	0	0	0	0	0	0	0	0	0	0	0	73	241	202	201	203	194	210	88	0	2	0	0	0	0	0	0	0	0	0	0	0	0	0	0	0	0	0	0	54	241	201	198	199	195	206	64	0	2	0	0	0	0	0	0	0	0	0	0	0	0	0	0	0	0	0	0	58	248	203	200	200	194	200	63	0	2	0	0	0	0	0	0	0	0	0	0	0	0	0	0	0	0	0	0	59	252	206	195	201	190	201	68	0	2	0	0	0	0	0	0	0	0	0	0	0	0	0	0	0	0	0	0	64	255	209	193	204	187	210	87	0	3	0	0	0	0	0	0	0	0	0	0	0	0	0	0	0	0	0	0	64	224	211	197	195	189	217	106	0	3	0	0	0	0	0	0	0	0	0	0	0	0	0	0	0	0	0	0	59	222	213	197	202	190	223	116	0	3	0	0	0	0	0	0	0	0	0	0	0	0	0	0	0	0	0	0	81	240	221	191	198	187	227	183	0	7	0	0	0	0	0	0	0	0	0	0	0	0	0	0	0	0	0	0	55	191	177	216	208	214	143	74	0	0	0	0	0	0	0	0	0	0	0	0	0	0	0	0	0	0	0	0	0	0	0	132	113	167	42	0	0	0	0	0	0	0	0	0	0	0	0
0	0	0	0	0	0	0	0	0	0	174	203	156	184	173	153	163	163	128	0	0	0	0	0	0	0	0	0	0	0	0	0	0	0	0	0	0	5	196	172	178	206	232	205	183	145	98	0	0	0	0	0	0	0	0	0	0	0	0	0	0	0	0	0	0	55	204	183	187	193	178	152	193	184	174	28	0	0	0	0	0	0	0	0	0	0	0	0	0	0	0	0	0	128	217	180	182	189	207	195	188	173	183	60	0	0	0	0	0	0	0	0	0	0	0	0	0	0	0	0	0	158	196	156	169	186	202	204	188	169	165	80	0	0	0	0	0	0	0	0	0	0	0	0	0	0	0	0	0	150	196	144	160	190	214	225	193	165	133	73	0	0	0	0	0	0	0	0	0	0	0	0	0	0	0	0	0	150	195	140	152	168	45	255	198	160	125	71	0	0	0	0	0	0	0	0	0	0	0	0	0	0	0	0	0	129	195	135	145	178	0	244	212	142	119	71	0	0	0	0	0	0	0	0	0	0	0	0	0	0	0	0	0	91	202	124	140	177	0	222	209	146	120	51	0	0	0	0	0	0	0	0	0	0	0	0	0	0	0	0	0	50	212	135	151	163	0	200	214	138	118	30	0	0	0	0	0	0	0	0	0	0	0	0	0	0	0	0	0	6	205	135	147	149	0	178	217	135	116	6	0	0	0	0	0	0	0	0	0	0	0	0	0	0	0	0	0	0	202	142	149	146	0	152	216	131	97	0	0	0	0	0	0	0	0	0	0	0	0	0	0	0	0	0	0	0	182	147	154	136	0	154	243	194	209	0	0	0	0	0	0	0	0	0	0	0	0	0	0	0	0	0	0	0	177	143	130	121	0	130	249	219	202	0	0	0	0	0	0	0	0	0	0	0	0	0	0	0	0	0	0	0	193	214	207	106	0	110	247	214	189	0	0	0	0	0	0	0	0	0	0	0	0	0	0	0	0	0	0	0	175	246	243	73	0	88	244	216	204	0	0	0	0	0	0	0	0	0	0	0	0	0	0	0	0	0	0	0	178	148	131	3	0	15	236	224	233	0	0	0	0	0	0	0	0	0	0	0	0	0	0	0	0	0	0	2	185	80	69	11	0	0	219	216	200	0	0	0	0	0	0	0	0	0	0	0	0	0	0	0	0	0	0	14	189	88	97	9	0	0	205	205	195	4	0	0	0	0	0	0	0	0	0	0	0	0	0	0	0	0	0	8	175	55	78	0	0	0	206	208	217	5	0	0	0	0	0	0	0	0	0	0	0	0	0	0	0	0	0	0	174	177	218	15	0	0	206	210	206	0	0	0	0	0	0	0	0	0	0	0	0	0	0	0	0	0	0	0	176	212	186	8	0	0	201	216	202	0	0	0	0	0	0	0	0	0	0	0	0	0	0	0	0	0	0	0	172	210	183	15	0	0	196	218	203	0	0	0	0	0	0	0	0	0	0	0	0	0	0	0	0	0	0	0	153	215	189	29	0	0	203	214	180	0	0	0	0	0	0	0	0	0	0	0	0	0	0	0	0	0	0	0	124	212	203	39	0	0	209	209	169	0	0	0	0	0	0	0	0	0	0	0	0	0	0	0	0	0	0	0	100	212	194	33	0	0	194	213	133	0	0	0	0	0	0	0	0	0	0	0	0	0	0	0	0	0	0	0	98	232	215	71	0	4	219	217	117	0	0	0	0	0	0	0	0	0	0	0	0	0	0	0	0	0	0	0	0	123	128	9	0	0	144	128	24	0	0	0	0	0	0	0	0	0
0	0	0	0	0	0	0	0	0	20	156	214	151	95	146	228	221	112	9	0	0	0	0	0	0	0	0	0	0	0	0	0	0	30	108	195	255	255	255	255	248	181	212	253	246	255	255	232	172	99	0	0	0	0	0	0	0	0	0	0	59	234	249	247	230	219	225	245	244	255	247	237	234	218	227	225	242	249	183	0	0	0	0	0	0	0	0	0	202	246	201	229	221	229	236	247	242	239	236	245	227	222	231	205	227	221	244	129	0	1	0	0	0	0	0	56	235	218	211	252	221	231	235	233	243	240	235	230	230	232	235	212	232	202	225	225	0	0	0	0	0	0	0	198	237	230	233	240	204	238	235	226	233	231	226	234	214	220	237	212	229	224	223	227	81	0	0	0	0	0	11	253	229	202	230	241	231	236	241	185	246	215	220	246	207	213	240	198	232	211	212	218	191	0	0	0	0	0	64	230	220	224	246	230	205	246	205	224	243	220	229	239	192	230	235	205	226	239	206	222	191	0	0	0	0	0	183	232	217	211	238	254	233	240	229	230	243	212	224	237	238	236	221	207	250	218	201	217	222	104	0	0	0	0	99	230	222	240	255	175	234	235	230	218	241	227	227	241	193	212	235	204	170	250	215	201	164	29	0	0	0	0	0	0	20	164	147	31	255	236	227	194	249	201	227	241	211	221	233	202	2	200	70	0	0	0	0	0	0	0	0	0	0	0	0	11	255	234	206	226	239	222	232	228	182	226	240	199	0	0	0	0	0	0	0	0	0	0	0	2	2	6	0	0	255	233	228	234	238	198	224	233	246	219	218	166	0	0	4	3	0	0	0	0	0	0	0	0	0	3	0	0	224	230	222	214	239	227	228	234	176	214	227	163	0	1	1	0	1	0	0	0	0	0	0	0	0	2	0	0	226	235	211	201	239	195	232	227	204	220	221	159	0	0	0	1	0	0	0	0	0	0	0	0	0	2	0	0	222	229	198	232	234	220	237	208	200	225	218	182	0	0	0	0	0	0	0	0	0	0	0	0	0	2	0	0	224	228	233	227	228	193	233	234	235	218	209	197	0	0	2	0	0	0	0	0	0	0	0	0	0	2	0	0	229	231	201	216	239	226	235	217	182	229	214	233	0	0	3	0	0	0	0	0	0	0	0	0	0	3	0	45	236	228	210	217	222	198	237	219	222	223	208	216	13	0	2	0	0	0	0	0	0	0	0	0	0	4	0	96	244	220	204	235	232	231	242	199	221	229	208	228	75	0	3	0	0	0	0	0	0	0	0	0	0	3	0	122	245	224	240	236	218	194	237	236	235	223	209	230	98	0	3	0	0	0	0	0	0	0	0	0	0	4	0	141	244	228	193	228	234	235	240	201	194	240	211	238	139	0	3	0	0	0	0	0	0	0	0	0	0	0	0	189	239	229	209	238	198	203	243	212	234	224	216	233	164	0	0	0	0	0	0	0	0	0	0	0	1	0	0	228	240	217	208	240	234	239	235	200	232	228	213	236	209	0	0	0	0	0	0	0	0	0	0	0	2	0	0	204	232	233	239	239	204	212	240	250	240	228	214	230	187	0	0	1	0	0	0	0	0	0	0	0	3	0	0	226	237	222	211	235	215	219	243	162	198	229	217	230	214	0	0	2	0	0	0	0	0	0	0	0	1	0	0	196	239	232	255	255	249	255	255	255	255	255	220	219	209	0	0	2	0	0	0	0	0	0	0	0	0	0	0	0	13	60	86	127	119	131	135	110	101	88	61	3	0	0	0	0	0	0	0	0
0	0	0	0	0	0	0	0	0	0	0	0	0	0	0	0	0	0	0	0	0	0	0	0	0	0	0	0	0	0	0	0	0	0	0	0	0	0	0	0	0	0	0	0	0	0	0	0	0	0	0	0	0	0	0	0	0	0	0	0	0	0	0	0	0	0	0	0	0	0	0	0	0	0	0	0	0	0	0	0	0	0	0	0	0	0	0	0	0	0	0	0	0	0	0	0	0	0	0	0	0	0	0	0	0	0	0	0	0	0	0	0	0	0	0	0	0	0	0	0	0	0	0	0	0	0	0	0	0	0	0	0	0	0	0	0	0	0	0	0	0	0	0	0	0	0	0	0	0	0	0	0	0	0	0	0	0	0	0	0	0	0	0	0	0	0	0	0	0	0	0	0	0	0	0	0	0	0	0	0	0	0	0	0	0	0	0	0	0	0	0	0	0	0	0	0	0	0	0	0	0	0	0	0	0	0	0	0	0	0	0	0	0	0	0	0	0	0	0	0	0	0	0	0	0	0	0	0	0	0	0	0	1	1	0	0	43	83	17	24	0	17	8	0	0	0	0	0	0	0	0	0	0	0	0	0	0	0	0	0	0	5	9	0	232	225	58	170	136	117	175	95	0	0	0	0	12	29	0	0	1	1	0	0	0	0	0	0	0	0	125	110	111	13	20	41	63	29	124	198	255	82	40	82	125	64	10	0	0	0	0	0	0	12	159	165	179	137	90	102	10	134	156	21	114	101	22	37	148	122	83	40	152	137	2	0	0	14	2	51	147	184	125	168	161	105	44	114	37	49	85	37	117	194	78	44	28	52	101	41	111	83	0	0	71	149	20	17	39	82	41	101	37	10	25	97	26	33	47	43	49	56	44	56	95	113	82	87	67	0	1	0	148	165	105	8	4	24	47	9	55	174	75	18	126	110	116	106	93	117	79	67	106	95	124	86	0	0	0	0	132	149	190	183	71	56	28	33	52	136	25	174	202	0	0	0	0	31	147	70	75	87	67	71	102	106	89	0	79	125	107	171	198	176	174	133	111	98	58	201	179	63	90	155	226	201	206	196	195	184	202	176	199	195	188	29	0	72	118	106	129	147	171	175	211	210	215	182	148	209	201	196	182	143	94	168	187	190	188	175	163	137	149	32	0	0	0	24	85	106	122	93	105	128	103	155	121	105	105	103	94	93	155	101	107	133	101	99	149	118	114	39	1	0	0	0	0	0	0	8	12	25	36	29	63	24	0	0	0	0	28	45	40	39	25	4	6	0	0	0	0	0	0	0	0	0	0	0	0	0	0	0	0	0	0	0	0	0	0	0	0	0	0	0	0	0	0	0	0	0	0	0	0	0	0	0	0	0	0	0	0	0	0	0	0	0	0	0	0	0	0	0	0	0	0	0	0	0	0	0	0	0	0	0	0	0	0	0	0	0	0	0	0	0	0	0	0	0	0	0	0	0	0	0	0	0	0	0	0	0	0	0	0	0	0	0	0	0	0	0	0	0	0	0	0	0	0	0	0	0	0	0	0	0	0	0	0	0	0	0	0	0	0	0	0	0	0	0	0	0	0	0	0	0	0	0	0	0	0	0	0	0	0	0	0	0	0	0	0	0	0	0	0	0	0	0	0	0	0	0	0	0	0	0	0	0	0	0	0	0	0	0	0	0	0	0	0	0	0	0	0	0	0	0	0	0	0	0	0	0	0	0	0	0	0	0	0	0	0	0	0	0	0	0	0	0	0	0	0	0	0	0	0	0	0	0	0	0	0	0	0	0	0	0
0	0	0	0	0	0	0	0	0	0	0	0	0	0	0	0	0	0	0	0	0	0	0	0	0	0	0	0	0	0	0	0	0	0	0	0	0	0	0	0	0	0	0	0	0	0	0	0	0	0	0	0	0	0	0	0	0	0	0	0	0	0	0	0	0	0	0	0	0	0	0	0	0	0	0	0	0	0	0	0	0	0	0	0	0	0	0	0	0	0	0	0	0	0	0	0	0	0	0	0	0	0	0	0	0	0	0	0	0	0	0	0	0	0	0	0	0	0	0	0	0	0	0	0	0	0	0	0	5	0	50	36	0	0	3	1	5	5	4	1	0	0	0	0	0	0	0	0	0	0	0	0	0	0	0	3	0	0	169	202	25	0	0	0	0	0	0	0	0	0	0	0	0	0	0	0	0	0	0	0	0	0	0	3	0	119	202	227	226	169	123	75	38	2	41	0	0	0	0	0	0	0	0	0	0	0	0	0	0	0	2	0	20	182	193	228	228	243	239	234	229	215	224	66	0	0	0	0	0	0	0	0	0	0	0	0	0	0	6	0	43	188	204	226	232	223	221	216	214	211	216	43	0	0	0	0	0	0	0	0	0	0	0	0	0	0	9	0	109	188	197	229	231	220	222	216	212	208	215	40	0	0	0	0	0	0	0	0	0	0	0	0	0	2	0	0	154	191	209	228	228	230	224	221	215	209	217	40	0	0	0	0	0	0	0	0	0	0	0	0	0	5	0	103	214	185	227	200	225	221	230	232	225	224	224	34	0	0	0	0	1	2	0	0	0	1	0	0	5	0	26	178	178	223	197	183	196	126	198	217	201	204	252	8	0	1	0	0	0	0	0	0	1	0	0	5	0	0	207	181	198	206	178	214	126	176	222	213	181	209	249	0	1	1	0	0	0	0	1	0	0	0	7	0	0	146	169	191	224	224	218	210	164	203	216	209	151	164	238	0	0	0	0	0	0	0	0	2	4	5	0	0	141	176	165	167	186	163	245	224	190	189	227	230	243	211	243	0	0	1	2	6	3	5	3	0	0	0	9	117	150	106	132	121	180	178	230	227	219	222	223	220	202	221	232	0	1	5	0	0	0	0	0	0	22	123	177	177	204	213	223	209	237	251	230	226	224	223	209	206	166	197	246	13	0	0	47	123	128	125	144	170	189	206	172	178	207	213	224	233	227	217	136	196	243	214	183	209	210	210	250	37	0	56	142	143	156	156	169	145	169	87	0	160	178	102	155	185	120	242	165	169	211	225	213	211	222	218	239	64	0	192	155	114	176	169	138	147	214	171	61	208	226	155	142	213	178	70	201	232	200	212	227	221	227	219	206	1	54	184	143	135	222	215	189	166	237	244	214	197	198	214	130	206	236	51	161	252	221	225	213	212	213	214	226	28	137	209	190	184	184	202	226	225	235	227	232	213	214	213	222	222	230	243	231	208	204	195	200	193	205	199	208	147	0	96	192	239	237	212	190	199	197	193	196	204	206	236	214	173	132	75	74	255	234	234	254	255	234	227	238	142	0	0	0	5	71	121	181	202	207	221	201	185	203	56	0	0	0	0	0	101	187	140	95	154	139	98	131	38	0	0	0	0	0	0	0	0	0	0	0	0	0	0	0	0	0	0	0	0	0	0	0	0	0	0	0	0	0	0	0	0	0	0	0	0	0	0	0	0	0	0	0	0	0	0	0	0	0	0	0	0	0	0	0	0	0	0	0	0	0	0	0	0	0	0	0	0	0	0	0	0	0	0	0	0	0	0	0	0	0	0	0	0
0	0	0	0	0	0	0	0	0	0	0	0	0	0	0	0	0	0	0	0	0	0	0	0	0	0	0	0	0	0	0	0	0	0	0	0	0	0	0	0	0	0	0	0	0	0	0	0	0	0	0	0	0	0	0	0	0	0	0	0	0	0	0	0	0	0	0	0	0	0	0	0	0	0	0	0	0	0	0	0	0	0	0	0	0	0	0	0	0	0	0	0	0	0	0	0	0	0	0	0	0	0	0	0	0	0	0	0	0	0	0	0	0	0	0	0	0	0	0	0	0	0	0	0	0	0	0	0	0	0	0	0	0	0	0	0	0	0	0	0	0	0	0	0	0	0	0	0	0	0	0	0	0	0	0	0	0	0	0	0	0	0	0	0	0	0	0	0	0	0	0	0	0	0	0	0	0	0	0	0	0	0	0	0	0	0	0	0	0	0	0	0	0	0	0	0	0	0	0	0	0	0	0	0	0	1	0	0	0	0	0	0	0	0	0	1	2	0	0	0	23	90	0	0	0	0	0	0	0	0	0	0	0	0	0	0	0	0	0	0	0	0	0	0	0	0	0	50	112	121	30	0	0	0	0	0	0	0	0	0	0	0	0	0	25	44	59	82	94	97	114	97	86	75	69	118	117	115	86	0	0	0	0	0	0	0	0	0	0	4	0	15	55	40	61	79	89	87	101	104	114	117	128	119	119	112	129	0	0	0	0	0	0	0	0	0	1	0	0	34	72	80	91	98	101	97	111	114	117	100	107	118	118	112	133	32	0	0	0	0	0	0	1	5	0	26	137	174	125	117	101	83	75	75	93	105	122	112	115	108	115	107	132	58	0	0	0	0	0	1	0	0	0	210	86	105	79	0	0	0	0	0	0	0	55	153	104	112	119	108	135	51	0	0	0	0	0	0	0	32	168	32	0	151	167	0	4	0	0	0	0	0	119	147	126	136	133	117	150	47	2	2	2	0	0	12	79	115	150	22	44	129	229	0	0	0	0	26	85	117	139	128	126	128	121	115	150	33	0	0	0	0	13	101	105	97	57	69	73	114	255	0	13	100	125	119	115	112	108	94	103	105	103	108	130	0	15	26	15	5	40	115	125	136	96	89	119	125	236	114	129	139	112	114	112	111	114	115	117	119	112	117	115	0	47	96	86	78	85	136	149	144	126	130	139	140	117	101	101	103	105	108	111	112	114	107	105	107	97	118	75	0	5	79	108	115	108	108	117	114	121	118	115	112	117	126	117	115	112	114	119	103	114	103	108	105	90	118	50	0	0	0	22	57	87	94	103	101	91	103	93	80	80	66	65	75	64	61	61	51	44	41	39	37	33	40	11	0	0	0	0	0	1	9	16	18	12	12	11	5	5	0	0	0	0	0	0	0	1	2	2	1	0	0	0	0	0	0	0	0	0	0	0	0	0	0	0	0	0	0	0	0	0	0	0	0	0	0	0	0	0	0	0	0	0	0	0	0	0	0	0	0	0	0	0	0	0	0	0	0	0	0	0	0	0	0	0	0	0	0	0	0	0	0	0	0	0	0	0	0	0	0	0	0	0	0	0	0	0	0	0	0	0	0	0	0	0	0	0	0	0	0	0	0	0	0	0	0	0	0	0	0	0	0	0	0	0	0	0	0	0	0	0	0	0	0	0	0	0	0	0	0	0	0	0	0	0	0	0	0	0	0	0	0	0	0	0	0	0	0	0	0	0	0	0	0	0	0	0	0	0	0	0	0	0	0	0	0	0	0	0	0	0	0	0	0	0	0	0	0	0	0	0	0
0	0	0	0	0	0	3	0	0	34	59	71	106	104	54	103	101	55	76	0	0	0	0	3	0	0	0	0	0	0	0	0	0	0	5	0	99	211	179	193	218	174	162	213	213	200	197	1	0	1	1	1	0	0	0	0	0	0	0	0	0	0	3	0	110	209	85	115	185	251	242	83	115	211	195	15	0	3	0	3	0	0	0	0	0	0	0	0	0	0	0	0	89	195	87	165	85	207	255	146	127	174	186	47	0	0	3	1	0	0	0	0	0	0	0	1	1	0	0	78	151	172	155	110	125	85	89	190	176	181	120	153	134	10	0	3	0	0	0	0	0	0	0	0	0	0	129	150	106	113	134	146	171	120	122	155	132	103	101	118	111	129	0	0	0	0	0	0	0	0	0	0	0	19	171	92	99	124	110	125	141	137	124	110	101	101	118	113	57	155	47	0	3	0	0	0	0	0	0	0	0	80	129	96	89	118	110	106	113	61	111	96	101	115	124	104	55	137	73	0	0	0	0	0	0	0	0	0	0	127	136	92	68	122	106	83	90	43	80	101	136	64	61	115	64	132	89	0	0	0	0	0	0	0	0	0	0	144	127	125	41	130	111	47	61	62	52	34	73	62	125	106	64	136	96	0	0	0	0	0	0	0	0	0	12	144	103	174	22	108	97	66	41	62	68	27	41	144	167	68	76	129	103	3	0	0	0	0	0	0	0	0	24	146	89	213	20	92	106	87	34	66	76	54	43	124	90	31	80	127	106	20	0	0	0	0	0	0	0	0	59	148	87	216	71	94	111	99	54	50	61	96	57	137	87	17	85	127	103	48	0	0	0	0	0	0	0	0	78	143	92	213	76	96	118	103	55	31	45	99	45	136	61	19	101	130	101	64	0	0	0	0	0	0	0	0	101	122	106	216	66	96	130	82	71	47	43	75	57	137	76	55	113	153	83	78	0	0	0	0	0	0	0	0	127	101	113	214	45	130	176	125	69	76	66	69	136	143	134	82	106	171	38	101	0	0	0	0	0	0	0	0	132	90	122	211	110	158	148	155	87	80	73	104	155	129	134	136	132	137	40	127	1	0	0	0	0	0	0	0	143	78	120	244	146	151	148	144	115	48	43	117	157	125	141	164	178	82	52	82	0	0	0	0	0	0	0	1	92	54	68	218	148	158	141	148	125	40	33	110	164	134	129	155	169	66	48	96	29	0	0	0	0	0	0	40	129	73	127	176	157	164	130	162	115	68	47	94	151	157	141	144	155	82	41	90	45	0	0	0	0	0	0	50	129	54	157	157	94	158	165	157	80	108	85	83	127	169	151	99	136	124	83	151	75	0	0	0	0	0	0	130	167	137	218	207	62	118	115	99	71	117	97	87	80	125	106	68	178	195	139	172	124	0	0	0	0	0	0	68	97	132	185	164	92	122	113	78	78	68	85	106	78	110	117	104	113	71	48	0	15	0	0	0	0	0	0	0	0	0	0	78	137	115	113	76	101	92	61	104	89	90	120	120	108	0	0	0	0	0	0	0	0	0	0	1	0	0	0	122	134	103	89	47	85	90	64	41	50	62	94	130	122	0	0	1	0	0	0	0	0	0	0	0	1	0	0	162	176	150	143	113	151	137	110	137	127	125	130	165	151	0	0	3	0	0	0	0	0	0	0	1	0	3	0	115	200	176	176	153	176	197	162	176	162	153	146	190	143	0	0	0	0	0	0	0	0	0	0	0	0	0	0	0	64	150	124	101	144	87	113	104	76	125	87	90	13	0	1	0	0	0	0	0
0	0	0	0	0	0	0	0	0	0	0	0	0	0	0	0	0	0	0	0	0	0	0	0	0	0	0	0	0	0	0	0	0	0	0	0	0	0	0	0	0	0	0	0	0	0	0	0	0	0	0	0	0	0	0	0	0	0	0	0	0	0	0	0	0	0	0	0	0	0	0	0	0	0	0	0	0	0	0	0	0	0	0	0	0	0	0	0	0	0	0	0	0	0	0	0	0	0	0	0	0	0	0	0	0	0	0	0	0	0	0	0	0	0	0	0	0	0	0	0	0	0	0	0	0	0	0	0	0	0	0	0	0	0	0	0	0	0	0	0	0	0	62	124	22	34	25	15	6	0	0	0	0	0	0	0	0	0	0	0	0	0	0	0	0	0	0	0	0	21	167	171	176	187	191	190	185	177	180	178	175	155	138	114	90	75	63	56	56	59	81	87	173	35	0	1	0	143	183	136	149	140	140	146	141	143	148	152	155	155	155	156	158	156	178	183	183	180	155	151	211	148	0	0	66	229	178	168	163	144	142	142	139	139	139	137	136	135	135	136	137	140	137	134	142	143	140	177	174	183	123	15	4	231	173	168	118	184	184	172	173	165	163	162	161	160	161	161	161	161	155	158	167	154	192	175	174	219	192	166	146	254	185	155	152	178	181	184	191	195	197	200	202	199	198	200	200	201	207	208	203	220	188	114	237	167	88	203	207	98	202	149	213	126	138	136	137	135	139	149	163	148	151	152	154	156	162	161	162	185	162	144	244	142	114	178	250	0	155	190	201	126	152	144	143	142	136	149	167	136	140	137	139	138	137	140	146	159	165	158	246	135	148	84	231	183	174	209	160	130	149	146	144	144	140	155	167	141	148	147	149	148	151	163	172	179	181	168	199	153	135	4	92	241	188	185	141	148	149	147	148	146	139	159	165	140	148	147	149	151	161	166	162	155	160	159	172	187	119	0	0	224	196	184	168	156	150	148	151	148	142	163	166	147	158	155	159	162	169	173	160	146	143	152	158	207	178	0	0	130	207	180	169	164	166	165	163	163	155	172	169	151	160	161	165	168	169	173	169	160	138	124	161	213	141	0	0	140	204	181	175	168	173	174	174	177	168	184	180	163	169	167	169	168	168	176	179	176	158	142	175	189	16	0	0	93	208	174	172	172	174	176	177	178	168	185	181	169	175	171	171	173	174	176	176	173	159	154	180	178	0	0	0	82	199	165	172	172	172	173	174	177	174	187	187	176	183	180	183	186	186	183	178	173	159	165	189	160	0	0	0	125	213	193	202	201	199	198	196	195	191	199	201	191	190	186	183	183	185	178	174	171	150	147	203	127	0	0	0	0	37	74	86	93	119	142	160	187	193	208	223	227	234	202	211	248	241	240	229	229	185	184	178	0	0	1	1	0	0	0	0	0	0	0	0	0	0	0	0	0	0	10	41	57	68	89	116	130	119	107	0	0	0	0	0	0	0	0	0	0	0	0	0	0	0	0	0	0	0	0	0	0	0	0	0	0	0	0	0	0	0	0	0	0	0	0	0	0	0	0	0	0	0	0	0	0	0	0	0	0	0	0	0	0	0	0	0	0	0	0	0	0	0	0	0	0	0	0	0	0	0	0	0	0	0	0	0	0	0	0	0	0	0	0	0	0	0	0	0	0	0	0	0	0	0	0	0	0	0	0	0	0	0	0	0	0	0	0	0	0	0	0	0	0	0	0	0	0	0	0	0	0	0	0	0	0	0	0	0	0	0	0	0	0	0	0	0	0	0	0	0	0	0	0
0	0	0	0	0	0	0	0	0	0	0	0	0	0	0	0	0	0	0	0	0	0	0	0	0	0	0	0	0	0	0	0	0	0	0	0	0	0	0	0	0	0	0	0	0	0	0	0	0	0	0	0	0	0	0	0	0	0	0	0	0	0	0	0	0	0	0	0	0	0	0	0	0	0	0	0	0	0	0	0	0	0	0	0	0	0	0	0	0	0	0	0	0	0	0	0	0	0	0	0	0	0	0	0	0	0	0	0	0	0	0	0	0	0	0	0	0	0	0	0	0	0	0	0	0	0	0	0	0	0	0	0	0	0	0	0	0	0	0	0	0	0	0	0	0	0	0	0	0	0	0	0	0	0	0	0	0	0	0	0	0	0	0	0	0	0	0	0	0	0	0	0	0	0	0	0	0	0	0	0	0	0	0	0	0	0	0	0	0	0	0	0	0	0	0	0	0	0	0	0	0	0	0	0	0	0	0	0	0	0	0	0	0	0	0	0	0	0	0	0	0	0	0	0	0	0	0	0	2	0	1	1	2	0	2	0	0	0	0	37	107	0	0	1	1	2	2	0	0	0	1	0	0	0	0	0	0	0	4	1	0	0	0	0	48	144	171	171	203	24	0	0	0	0	0	0	0	0	0	0	0	0	0	0	0	2	0	0	0	10	86	184	170	168	180	170	137	154	72	28	39	57	82	108	138	199	100	0	0	1	2	0	0	0	0	46	156	204	177	172	196	178	152	101	35	88	107	85	80	75	76	101	158	215	198	0	0	0	0	0	0	49	227	194	177	178	192	184	128	57	35	79	45	57	50	46	45	11	75	192	177	177	229	38	0	38	170	159	186	236	189	154	177	182	144	91	39	72	61	51	65	0	1	0	1	61	168	114	133	203	250	56	9	101	188	225	233	199	152	177	98	30	3	112	108	56	59	29	90	47	0	8	70	127	65	92	199	241	255	55	55	19	0	1	58	101	129	136	87	12	17	39	124	43	68	75	93	213	204	233	249	188	183	234	181	154	112	14	82	72	22	0	0	0	0	8	33	26	19	23	84	97	118	129	89	74	73	55	42	28	23	0	0	0	1	38	53	126	110	64	46	25	8	8	5	14	17	14	0	0	0	0	0	0	0	0	0	1	10	19	28	40	89	31	0	0	43	78	109	112	100	74	61	48	34	34	38	36	48	65	74	84	104	106	86	74	83	74	85	90	59	0	0	0	0	0	0	8	47	56	71	83	94	93	88	81	84	84	74	65	60	51	36	29	24	17	10	0	0	0	0	0	0	0	0	0	0	0	0	0	0	0	0	0	0	0	0	0	0	0	0	0	0	0	0	0	0	0	0	0	0	0	0	0	0	0	0	0	0	0	0	0	0	0	0	0	0	0	0	0	0	0	0	0	0	0	0	0	0	0	0	0	0	0	0	0	0	0	0	0	0	0	0	0	0	0	0	0	0	0	0	0	0	0	0	0	0	0	0	0	0	0	0	0	0	0	0	0	0	0	0	0	0	0	0	0	0	0	0	0	0	0	0	0	0	0	0	0	0	0	0	0	0	0	0	0	0	0	0	0	0	0	0	0	0	0	0	0	0	0	0	0	0	0	0	0	0	0	0	0	0	0	0	0	0	0	0	0	0	0	0	0	0	0	0	0	0	0	0	0	0	0	0	0	0	0	0	0	0	0	0	0	0	0	0	0	0	0	0	0	0	0	0	0	0	0	0	0	0	0	0	0	0	0	0	0	0	0	0	0	0	0	0	0	0	0	0	0	0	0	0	0	0	0
0	0	0	0	0	0	0	0	0	0	0	0	0	0	0	0	0	0	0	0	0	0	0	0	0	0	0	0	0	0	0	0	0	0	0	0	0	0	0	0	0	0	0	0	0	0	0	0	0	0	0	0	0	0	0	0	0	0	0	0	0	0	0	0	0	0	0	0	0	0	0	0	0	0	0	0	0	0	0	0	0	0	0	0	0	0	0	0	0	0	0	0	0	0	0	0	0	0	0	0	0	0	0	0	0	0	0	0	0	0	0	0	0	0	0	0	0	0	0	0	0	0	0	0	0	0	0	0	0	0	0	0	0	0	0	0	0	0	0	0	0	0	0	0	0	0	0	0	0	0	0	0	0	0	0	0	0	76	105	0	1	0	0	0	0	68	27	0	0	0	0	0	0	0	0	0	0	0	0	0	0	0	2	0	2	188	59	0	3	0	0	0	0	95	63	0	0	0	0	0	0	0	0	0	0	0	0	0	0	0	0	0	53	195	0	0	0	0	0	35	162	185	0	0	0	0	0	0	0	0	0	0	0	0	0	0	0	0	0	0	127	233	155	93	123	122	128	185	234	150	0	0	0	0	0	0	0	0	0	0	0	0	0	0	0	2	0	3	193	228	220	255	255	238	239	211	199	142	0	0	0	0	0	0	0	0	0	0	0	0	0	0	0	0	0	120	217	220	210	203	216	216	222	206	200	118	0	0	0	0	0	0	0	0	0	0	0	0	0	0	1	0	7	187	214	219	211	222	228	222	237	201	213	132	0	0	0	0	0	0	0	0	0	0	0	0	0	4	0	0	148	185	227	223	215	222	223	222	232	201	204	167	0	0	0	0	0	0	0	0	0	0	0	3	0	0	5	156	154	205	242	213	216	221	225	222	236	199	193	213	0	0	0	0	3	5	6	5	1	1	0	0	0	60	180	131	110	244	220	216	218	223	226	225	237	196	183	242	18	0	2	0	0	0	0	0	0	0	0	6	130	164	59	81	193	231	219	213	215	221	224	232	231	186	180	210	93	0	0	0	30	100	110	55	17	35	125	180	127	50	107	209	230	218	220	215	221	223	218	226	181	179	196	206	172	0	0	40	209	124	79	136	197	174	119	41	29	138	216	227	244	241	227	221	224	222	229	230	210	202	195	199	200	0	0	121	208	192	156	136	187	164	99	132	198	227	232	238	240	236	236	234	224	220	222	218	228	224	195	199	181	0	87	194	191	201	220	226	226	228	233	235	233	229	229	223	200	183	175	179	189	202	201	201	212	216	208	214	211	2	46	196	195	204	196	202	212	212	213	213	211	212	210	209	212	226	242	244	221	216	215	205	203	197	206	197	209	106	0	0	12	68	149	173	195	226	239	247	251	254	255	252	242	227	210	205	245	229	242	249	252	248	242	196	239	81	0	0	0	0	0	0	0	0	0	22	21	27	31	18	4	0	0	0	133	142	89	63	29	22	12	8	0	0	0	0	0	0	0	0	0	0	0	0	0	0	0	0	0	0	0	0	0	0	0	0	0	0	0	0	0	0	0	0	0	0	0	0	0	0	0	0	0	0	0	0	0	0	0	0	0	0	0	0	0	0	0	0	0	0	0	0	0	0	0	0	0	0	0	0	0	0	0	0	0	0	0	0	0	0	0	0	0	0	0	0	0	0	0	0	0	0	0	0	0	0	0	0	0	0	0	0	0	0	0	0	0	0	0	0	0	0	0	0	0	0	0	0	0	0	0	0	0	0	0	0	0	0	0	0	0	0	0	0	0	0	0	0	0	0	0	0	0	0
0	0	0	0	0	0	0	2	0	0	0	0	0	0	0	0	0	0	0	0	0	1	0	0	0	0	0	0	0	0	0	0	0	0	5	0	0	0	156	197	87	0	0	32	153	206	190	38	0	0	0	2	0	0	0	0	0	0	0	0	0	0	0	0	137	215	232	227	251	238	199	232	255	224	232	231	195	34	0	0	0	0	0	0	0	0	0	0	0	0	44	201	234	217	212	216	216	229	200	211	216	217	218	215	229	231	123	0	0	0	0	0	0	0	0	0	0	30	224	219	214	221	214	224	211	216	229	220	222	216	227	221	217	215	239	95	0	0	0	0	0	0	0	0	0	197	233	218	218	221	224	222	217	224	215	220	221	224	225	218	217	216	230	217	0	0	0	0	0	0	0	0	1	222	227	222	220	219	206	223	225	222	219	217	220	219	220	217	215	234	227	236	100	0	0	0	0	0	0	0	150	227	223	232	231	221	220	219	211	219	224	226	217	214	222	230	216	235	226	235	213	0	0	0	0	0	0	0	178	232	242	242	215	219	224	220	226	229	219	222	221	222	222	219	222	253	245	197	79	0	0	0	0	0	0	0	0	57	170	236	221	218	221	228	223	220	217	233	225	216	213	223	223	223	85	0	0	0	0	0	0	0	0	0	0	0	0	0	203	228	229	227	219	225	232	225	222	219	220	232	231	0	0	0	0	0	0	0	0	0	0	0	1	3	0	0	166	239	228	223	224	222	229	220	223	231	224	226	251	0	0	0	0	0	0	0	0	0	0	0	0	0	2	0	125	244	222	219	231	224	223	221	224	229	218	224	219	0	0	2	0	0	0	0	0	0	0	0	0	0	4	0	84	247	223	228	225	221	223	229	222	222	223	222	219	0	0	3	0	0	0	0	0	0	0	0	0	0	4	0	79	247	220	228	223	226	228	221	221	232	227	221	221	0	0	4	0	0	0	0	0	0	0	0	0	0	5	0	97	249	217	229	224	226	229	224	223	220	227	223	223	0	0	4	0	0	0	0	0	0	0	0	0	0	5	0	111	244	216	232	230	224	225	228	230	227	224	220	227	9	0	4	0	0	0	0	0	0	0	0	0	0	5	0	117	241	219	231	224	222	231	227	223	224	232	221	228	13	0	5	0	0	0	0	0	0	0	0	0	0	4	0	124	237	219	227	232	227	223	227	230	226	234	219	230	20	0	5	0	0	0	0	0	0	0	0	0	0	4	0	122	234	224	229	223	226	227	230	226	225	232	225	229	30	0	6	0	0	0	0	0	0	0	0	0	0	4	0	114	236	221	227	224	230	225	225	228	230	225	226	230	30	0	6	0	0	0	0	0	0	0	0	0	0	4	0	109	241	221	231	232	225	223	229	232	225	224	226	234	29	0	6	0	0	0	0	0	0	0	0	0	0	5	0	98	240	223	234	223	223	231	232	230	221	230	225	237	35	0	6	0	0	0	0	0	0	0	0	0	0	5	0	93	239	223	222	230	231	229	225	229	232	227	222	241	40	0	6	0	0	0	0	0	0	0	0	0	0	9	0	93	241	221	230	229	229	230	231	230	229	229	223	240	50	0	8	0	0	0	0	0	0	0	0	0	0	9	0	91	237	218	227	226	224	225	224	227	229	225	222	238	63	0	8	0	0	0	0	0	0	0	0	0	0	9	0	119	255	233	239	255	245	247	246	244	248	239	239	249	73	0	6	0	0	0	0	0	0	0	0	0	0	3	0	12	121	138	159	174	180	183	181	179	179	170	135	79	0	0	1	0	0	0	0
0	0	0	0	0	0	0	0	0	0	0	0	0	0	0	0	0	0	0	0	0	0	0	0	0	0	0	0	0	0	0	1	0	0	0	10	48	54	21	3	0	0	0	0	15	75	48	27	17	0	0	0	3	0	1	0	0	0	0	0	0	38	69	89	68	53	58	49	41	42	56	71	104	106	51	82	91	86	65	20	0	0	0	0	0	1	0	24	88	87	48	37	43	41	57	61	63	74	90	84	91	38	37	28	51	47	61	94	27	0	1	1	1	0	4	85	48	27	39	40	43	47	41	36	87	125	96	47	31	21	28	39	60	26	45	33	71	17	0	1	0	0	45	67	19	46	41	38	41	42	40	31	11	9	10	10	27	28	36	50	31	36	49	28	42	66	3	0	0	20	41	59	37	29	44	38	32	36	37	33	29	25	27	33	28	31	38	36	27	43	43	28	28	51	51	0	6	31	31	46	40	24	29	13	9	8	4	2	0	0	0	0	0	0	0	0	0	14	16	14	36	29	63	46	30	31	33	32	42	0	7	0	16	5	2	5	10	18	28	44	55	56	43	35	30	24	32	10	34	36	40	36	8	21	45	0	137	227	218	255	252	255	253	255	248	246	254	255	238	255	255	255	240	240	225	8	22	30	2	0	0	0	3	15	212	247	239	216	199	209	207	220	185	168	211	186	199	195	208	193	239	235	246	106	0	0	0	2	0	1	0	20	253	231	237	216	199	204	206	233	197	180	253	165	247	197	237	211	236	238	239	65	0	0	0	0	0	0	0	0	0	255	239	224	192	195	218	227	198	174	184	204	164	196	193	199	230	241	255	0	0	0	0	0	0	0	0	0	0	247	243	216	196	221	231	212	191	187	177	172	187	188	234	207	222	240	255	0	0	0	0	0	0	0	0	0	0	225	246	212	205	253	214	205	204	155	202	225	159	144	221	200	203	246	255	0	0	0	0	0	0	0	0	0	0	223	245	230	225	237	234	231	240	226	232	255	219	227	234	237	231	242	255	0	0	0	0	0	0	0	0	0	0	206	245	233	238	235	235	243	236	243	237	231	246	242	238	235	235	240	255	0	0	0	0	0	0	0	0	0	0	182	246	224	236	235	234	236	236	234	236	237	234	234	232	235	231	241	255	0	0	0	0	0	0	0	0	0	0	170	248	225	236	234	233	236	236	235	235	235	236	235	233	235	231	241	255	0	0	0	0	0	0	0	0	0	0	150	250	224	236	234	233	236	236	235	235	235	235	235	233	235	231	241	255	0	0	0	0	0	0	0	0	1	0	137	250	224	235	234	233	236	236	235	235	235	236	235	233	235	231	241	255	0	0	0	0	0	0	0	0	2	0	110	252	226	237	235	233	236	236	235	235	235	235	235	234	235	229	242	255	0	0	0	0	0	0	0	0	2	0	101	253	225	236	236	233	237	237	236	236	236	236	235	234	235	229	243	255	0	0	0	0	0	0	0	0	3	0	90	254	231	237	236	234	237	238	236	236	236	236	236	235	236	230	244	255	0	0	0	0	0	0	0	0	4	0	82	255	233	238	237	235	239	239	238	238	237	237	237	237	237	232	244	255	0	0	1	0	0	0	0	0	5	0	69	254	231	239	233	232	235	236	233	232	233	234	232	229	231	226	241	253	0	0	0	0	0	0	0	0	5	0	56	255	243	253	254	254	254	255	254	254	255	255	255	255	255	255	251	255	0	0	0	0	0	0	0	0	2	0	7	177	167	185	185	183	182	182	182	181	179	178	173	158	160	154	173	145	0	0	1	0	0
0	0	0	0	0	0	0	0	0	0	0	0	0	0	0	0	0	0	0	0	0	0	0	0	0	0	0	0	0	0	0	0	0	0	0	0	0	0	0	0	0	0	0	0	0	0	0	0	0	0	0	0	0	0	0	0	0	0	0	0	0	0	0	0	0	0	0	0	0	0	0	0	0	0	0	0	0	0	0	0	0	0	0	0	0	0	0	0	0	0	0	0	0	0	0	0	0	0	0	0	0	0	0	0	0	0	0	0	0	0	0	0	0	0	0	0	0	0	0	0	0	0	0	0	0	0	0	0	0	0	0	0	0	0	0	0	0	0	0	0	0	0	0	0	0	0	0	0	0	0	0	1	1	1	1	3	2	0	0	0	0	0	0	134	80	0	0	0	0	0	0	0	0	0	0	0	0	0	0	1	2	6	0	0	0	0	27	93	196	205	188	233	176	0	0	1	0	0	0	0	0	0	0	0	0	2	0	2	0	0	0	10	40	177	234	227	223	224	204	210	242	52	0	5	0	0	0	0	0	0	0	0	0	4	0	0	0	113	157	207	227	219	214	208	205	228	216	155	149	168	0	0	0	0	0	0	0	0	0	0	0	0	5	0	109	204	206	208	215	223	241	234	211	230	57	0	0	206	0	0	0	0	0	0	0	0	0	0	0	2	0	0	134	198	204	201	193	104	105	118	18	0	0	0	13	222	123	0	0	0	0	0	0	0	0	0	0	6	0	38	223	154	100	30	0	0	0	0	0	0	5	0	11	221	184	0	0	0	0	0	0	0	0	0	0	5	0	158	255	83	0	0	0	0	4	9	3	2	3	0	64	216	204	44	0	0	0	0	0	0	0	0	1	0	0	164	166	183	0	0	0	1	0	0	0	2	0	0	152	216	202	60	0	0	0	0	0	0	0	0	0	1	0	126	164	206	94	0	0	0	2	4	0	0	0	0	152	209	191	32	0	0	0	0	0	0	0	1	3	8	0	92	188	195	223	0	0	0	0	0	0	36	93	154	184	193	203	0	0	0	0	1	0	2	3	0	0	2	0	15	194	191	221	81	0	0	1	88	174	225	234	215	201	197	181	0	1	2	0	0	0	0	0	0	38	0	0	0	183	213	222	197	0	101	208	205	198	192	181	174	184	198	151	0	0	1	5	0	0	0	47	125	186	28	0	0	69	239	225	221	159	239	212	186	178	185	191	196	190	203	107	0	0	0	0	0	142	178	194	139	187	174	0	0	0	233	216	169	220	194	177	186	193	194	198	197	194	208	53	0	0	0	5	0	112	92	56	33	153	197	21	2	0	124	200	186	193	181	189	194	197	197	198	202	197	194	17	0	43	145	119	109	136	138	167	213	220	114	56	63	146	223	194	183	180	186	190	189	192	194	186	196	196	182	0	0	0	136	162	170	183	213	227	203	197	213	238	244	241	221	219	225	229	234	236	233	229	228	249	213	229	195	0	0	0	0	24	45	70	86	118	123	139	152	166	146	113	89	78	61	56	40	24	20	10	14	82	82	94	44	0	0	0	0	0	0	0	0	0	0	0	0	0	0	0	0	0	0	0	0	0	0	0	0	0	0	0	0	0	0	0	0	0	0	0	0	0	0	0	0	0	0	0	0	0	0	0	0	0	0	0	0	0	0	0	0	0	0	0	0	0	0	0	0	0	0	0	0	0	0	0	0	0	0	0	0	0	0	0	0	0	0	0	0	0	0	0	0	0	0	0	0	0	0	0	0	0	0	0	0	0	0	0	0	0	0	0	0	0	0	0	0	0	0
0	0	0	0	0	0	0	0	0	0	110	123	0	0	0	0	75	74	0	0	0	0	0	0	0	0	0	0	0	0	0	0	0	0	0	0	0	0	130	240	0	0	0	0	218	120	0	0	0	0	0	0	0	0	0	0	0	0	0	0	0	0	0	0	0	0	130	249	167	0	0	155	237	104	0	0	0	0	0	0	0	0	0	0	0	0	0	0	0	0	0	0	0	0	172	228	228	0	0	222	217	176	0	0	0	0	0	0	0	0	0	0	0	0	0	0	0	0	0	0	0	0	199	229	220	190	188	218	210	217	0	0	0	0	0	0	0	0	0	0	0	0	0	0	0	0	0	0	0	0	164	234	210	228	232	208	218	204	0	0	0	0	0	0	0	0	0	0	0	0	0	0	0	0	0	0	0	0	113	236	212	213	212	212	224	169	0	0	0	0	0	0	0	0	0	0	0	0	0	0	0	0	0	0	0	0	76	237	215	218	218	206	229	134	0	0	0	0	0	0	0	0	0	0	0	0	0	0	0	0	0	0	0	0	40	255	218	216	215	203	255	87	0	0	0	0	0	0	0	0	0	0	0	0	0	0	0	0	0	0	0	0	0	254	218	217	219	207	255	47	0	0	0	0	0	0	0	0	0	0	0	0	0	0	0	0	0	0	0	0	45	255	213	216	219	209	254	102	0	0	0	0	0	0	0	0	0	0	0	0	0	0	0	0	0	0	0	0	167	234	212	219	217	216	223	217	0	0	0	0	0	0	0	0	0	0	0	0	0	0	0	0	0	0	0	0	252	220	217	218	216	223	217	254	13	0	0	0	0	0	0	0	0	0	0	0	0	0	0	0	0	0	0	64	255	211	220	219	220	232	206	254	66	0	0	0	0	0	0	0	0	0	0	0	0	0	0	0	0	0	0	130	254	214	221	218	225	230	210	252	98	0	0	0	0	0	0	0	0	0	0	0	0	0	0	0	0	0	0	162	239	214	223	221	231	216	211	245	145	0	0	0	0	0	0	0	0	0	0	0	0	0	0	0	0	0	0	180	236	217	220	224	236	219	215	237	168	0	0	0	0	0	0	0	0	0	0	0	0	0	0	0	0	0	0	189	234	217	220	222	230	223	218	233	181	0	0	0	0	0	0	0	0	0	0	0	0	0	0	0	0	0	0	183	236	218	218	219	229	222	218	239	173	0	0	0	0	0	0	0	0	0	0	0	0	0	0	0	0	0	0	154	248	216	218	222	227	218	216	251	121	0	0	0	0	0	0	0	0	0	0	0	0	0	0	0	0	0	0	106	255	213	222	228	222	222	217	255	79	0	0	0	0	0	0	0	0	0	0	0	0	0	0	0	0	0	0	67	255	214	225	230	220	226	218	255	25	0	0	0	0	0	0	0	0	0	0	0	0	0	0	0	0	0	0	13	255	217	228	234	220	225	226	254	0	0	0	0	0	0	0	0	0	0	0	0	0	0	0	0	0	0	0	0	255	223	225	235	225	220	228	231	0	0	0	0	0	0	0	0	0	0	0	0	0	0	0	0	0	0	0	0	254	231	220	230	232	216	231	214	0	0	0	0	0	0	0	0	0	0	0	0	0	0	0	0	0	0	0	67	230	219	219	227	230	217	230	198	0	0	0	0	0	0	0	0	0	0	0	0	0	0	0	0	0	0	0	126	255	237	255	255	255	238	246	217	0	0	0	0	0	0	0	0	0	0	0	0	0	0	0	0	0	0	0	0	82	129	130	148	156	162	99	17	0	0	0	0	0	0	0	0	0	0
0	0	0	0	0	0	0	1	0	0	101	130	101	23	53	94	123	71	0	0	0	0	0	0	0	0	0	0	0	0	0	0	0	0	0	2	0	26	161	124	185	134	159	145	123	95	0	0	0	0	0	0	0	0	0	0	0	0	0	0	0	0	0	1	0	65	124	90	91	101	94	91	108	116	0	0	0	0	0	0	0	0	0	0	0	0	0	0	0	1	0	0	0	126	109	102	108	112	109	109	109	132	93	0	0	1	0	0	0	0	0	0	0	0	0	0	0	0	0	0	113	146	111	115	111	106	105	115	111	100	159	79	0	0	0	0	0	0	0	0	0	0	0	0	0	0	15	111	168	134	105	112	100	112	112	109	112	98	142	164	115	49	0	0	0	0	0	0	0	0	0	0	0	0	145	150	190	142	94	97	106	108	111	113	105	93	154	187	153	157	0	0	0	0	0	0	0	0	0	0	0	0	127	164	165	102	157	135	145	130	130	142	141	164	90	182	170	132	0	0	0	0	0	0	0	0	0	0	0	0	127	197	148	76	230	170	148	145	153	146	167	224	50	160	209	131	6	0	0	0	0	0	0	0	0	0	0	20	124	220	100	50	205	124	127	130	130	134	153	193	45	49	233	138	39	0	0	0	0	0	0	0	0	0	0	46	134	231	12	32	185	127	122	142	137	145	149	174	56	0	242	150	61	0	0	0	0	0	0	0	0	0	0	63	150	233	0	49	185	141	134	135	132	150	146	172	64	0	220	176	91	0	0	0	0	0	0	0	0	0	0	80	165	254	0	60	186	149	148	141	141	153	146	159	75	0	194	182	95	0	0	0	0	0	0	0	0	0	0	94	175	209	0	95	167	145	150	141	141	152	139	146	117	0	185	193	113	0	0	0	0	0	0	0	0	0	0	111	190	201	0	152	134	138	145	138	137	137	146	128	153	0	178	201	123	0	0	0	0	0	0	0	0	0	0	116	196	182	0	172	130	137	142	137	132	141	137	130	160	0	152	207	122	0	0	0	0	0	0	0	0	0	0	122	208	154	17	202	130	139	150	149	154	149	131	130	165	49	120	220	120	0	0	0	0	0	0	0	0	0	0	116	213	122	56	190	141	153	152	163	160	154	149	142	168	85	104	226	123	0	0	0	0	0	0	0	0	0	0	108	208	78	74	178	150	148	152	161	157	165	149	149	174	97	87	226	122	0	0	0	0	0	0	0	0	0	0	100	201	61	86	178	142	159	152	150	165	161	149	159	176	108	89	219	113	0	0	0	0	0	0	0	0	0	0	112	207	64	91	182	139	149	153	150	156	152	153	145	164	119	87	211	131	0	0	0	0	0	0	0	0	0	0	115	222	85	98	176	139	148	146	149	164	153	154	141	156	130	109	230	143	0	0	0	0	0	0	0	0	0	0	53	150	27	117	175	138	154	146	163	150	159	150	156	154	146	46	152	71	0	0	0	0	0	0	0	0	0	0	0	0	0	132	161	145	150	152	156	157	153	157	152	160	164	0	0	0	0	0	0	0	0	0	0	0	0	0	0	2	0	113	167	149	154	154	150	157	161	163	156	161	141	0	1	2	0	0	0	0	0	0	0	0	0	0	0	1	0	86	168	145	149	153	154	154	159	153	156	165	105	0	0	0	0	0	0	0	0	0	0	0	0	0	0	2	0	53	176	153	160	160	165	164	164	159	161	171	63	0	2	0	0	0	0	0	0	0	0	0	0	0	0	1	0	19	145	142	141	139	145	142	148	145	146	148	38	0	2	0	0	0	0	0	0
0	0	0	0	0	0	0	0	0	0	0	0	0	0	0	0	0	0	0	0	0	0	0	0	0	0	0	0	0	0	0	0	0	0	0	0	0	0	0	0	0	0	0	0	0	0	0	0	0	0	0	0	0	0	0	0	0	0	0	0	0	0	0	0	0	0	0	0	0	0	0	0	0	0	0	0	0	0	0	0	0	0	0	0	0	0	0	0	0	0	0	0	0	0	0	0	0	0	0	0	0	0	0	0	0	0	0	0	0	0	0	0	0	0	0	0	0	0	0	0	0	0	0	0	0	0	0	0	0	0	0	0	0	0	0	0	0	0	0	0	0	0	0	0	0	0	0	0	0	0	0	0	0	0	0	0	0	0	0	0	0	0	0	0	0	0	0	0	0	0	0	0	0	0	0	0	0	0	0	0	0	0	0	0	0	0	0	0	0	0	0	0	0	0	0	0	0	0	0	0	0	0	0	0	0	0	0	0	0	0	0	0	0	0	0	0	0	0	0	0	0	0	0	0	0	0	0	0	0	0	0	0	0	0	0	0	0	0	0	0	0	0	0	0	0	0	0	0	0	0	0	0	0	0	0	0	0	0	0	0	0	0	0	0	0	0	0	0	0	0	0	0	0	0	0	0	0	0	0	0	0	0	0	0	0	0	2	0	0	0	53	148	176	122	27	0	0	0	0	0	1	1	0	0	0	0	0	0	0	0	1	1	0	2	0	9	136	196	184	184	183	215	249	197	65	0	0	0	0	0	0	2	1	2	1	0	0	0	0	0	0	0	150	255	165	193	179	158	149	158	184	207	236	189	1	0	5	3	0	0	0	0	0	0	0	5	31	28	0	167	255	0	0	0	96	217	215	202	206	210	212	216	162	55	45	57	46	37	23	11	5	0	40	75	35	28	25	229	2	11	68	124	164	109	110	231	231	216	216	219	230	191	141	115	148	149	134	136	174	82	66	123	122	119	105	80	103	142	168	142	120	117	130	182	221	240	232	224	219	228	231	191	178	176	176	173	164	73	91	151	143	142	153	165	166	156	140	146	156	157	145	131	145	179	192	191	187	187	194	160	128	139	143	143	166	104	0	40	102	145	166	171	169	167	175	176	175	177	179	190	187	176	164	157	153	151	142	129	126	123	104	79	92	30	0	0	0	0	0	0	0	0	0	0	0	0	0	0	0	0	0	0	0	0	0	0	0	0	0	0	0	0	0	0	0	0	0	0	0	0	0	0	0	0	0	0	0	0	0	0	0	0	0	0	0	0	0	0	0	0	0	0	0	0	0	0	0	0	0	0	0	0	0	0	0	0	0	0	0	0	0	0	0	0	0	0	0	0	0	0	0	0	0	0	0	0	0	0	0	0	0	0	0	0	0	0	0	0	0	0	0	0	0	0	0	0	0	0	0	0	0	0	0	0	0	0	0	0	0	0	0	0	0	0	0	0	0	0	0	0	0	0	0	0	0	0	0	0	0	0	0	0	0	0	0	0	0	0	0	0	0	0	0	0	0	0	0	0	0	0	0	0	0	0	0	0	0	0	0	0	0	0	0	0	0	0	0	0	0	0	0	0	0	0	0	0	0	0	0	0	0	0	0	0	0	0	0	0	0	0	0	0	0	0	0	0	0	0	0	0	0	0	0	0	0	0	0	0	0	0	0	0	0	0	0	0	0	0	0	0	0	0	0	0	0	0	0	0	0	0	0	0	0	0	0	0	0	0	0	0	0	0	0	0	0	0	0	0	0	0	0	0	0	0	0	0	0	0	0	0	0	0	0	0
0	0	0	0	3	0	0	0	0	135	11	0	0	0	0	0	0	0	0	119	93	0	0	0	3	0	0	0	0	0	0	3	0	31	99	255	200	173	236	124	33	0	0	0	0	55	212	188	224	237	86	5	0	5	0	0	0	0	2	0	0	232	0	173	124	0	188	255	248	229	213	221	239	255	247	114	185	0	60	255	7	0	6	0	0	0	5	0	142	189	0	118	191	2	72	220	235	253	243	249	255	244	87	59	195	0	103	173	78	0	0	0	0	0	0	41	32	216	40	68	215	81	130	183	53	182	200	208	173	185	68	82	215	47	188	80	19	255	0	0	0	0	6	52	63	158	192	87	201	178	176	230	171	173	172	174	178	182	215	172	200	131	222	79	140	210	61	0	0	0	11	101	104	136	216	179	197	167	215	152	137	232	172	218	203	117	232	177	161	190	187	183	172	25	0	0	0	0	0	0	157	173	203	174	111	34	48	6	4	70	19	88	43	2	12	23	80	171	211	221	139	47	0	0	0	0	4	0	11	212	210	168	0	0	0	90	12	0	36	0	0	52	53	0	0	66	184	227	115	0	0	0	0	0	0	8	0	94	162	83	0	155	67	237	157	10	197	166	6	206	206	55	108	0	86	210	0	0	2	0	0	0	0	1	0	0	113	26	111	134	160	42	88	205	88	96	207	85	71	205	182	104	2	0	0	8	0	0	0	0	1	0	4	0	41	226	109	59	16	98	61	28	68	55	41	74	92	41	114	159	65	0	0	3	0	0	0	0	0	0	3	0	1	246	20	48	82	147	77	55	136	97	42	145	99	83	102	168	189	0	0	0	0	0	0	0	0	1	1	0	0	175	68	84	207	185	91	192	193	84	171	209	114	188	126	84	81	0	2	0	0	0	0	0	1	1	2	0	0	237	133	175	210	184	200	226	194	173	249	202	194	225	191	191	111	0	7	0	0	0	0	0	1	0	1	2	0	165	186	188	183	172	216	189	158	229	201	155	226	197	199	239	100	0	7	2	0	0	0	0	1	0	0	8	0	152	196	169	224	201	192	224	198	190	223	204	193	226	187	221	122	0	10	0	0	0	0	0	0	0	0	7	0	93	255	48	47	255	20	40	255	115	16	255	88	56	253	204	140	0	10	0	0	0	0	0	0	1	1	3	0	51	105	145	0	32	231	0	21	161	0	0	194	24	75	126	29	0	5	0	0	0	0	0	1	0	0	1	0	0	59	239	184	185	255	179	74	255	213	88	255	150	156	225	0	0	2	0	0	0	0	0	0	0	0	1	0	12	232	205	220	215	216	248	250	212	240	243	219	229	223	237	61	0	4	0	0	0	0	0	0	0	0	6	0	54	207	206	173	191	237	202	179	230	208	181	229	192	206	240	159	0	0	0	0	0	0	0	0	0	0	8	0	79	200	203	170	204	239	178	178	237	193	182	242	187	209	223	165	0	0	0	0	0	0	0	0	0	0	6	0	108	200	203	172	202	236	183	175	231	188	172	239	190	207	225	187	0	0	0	0	0	0	0	0	0	0	5	0	134	200	201	172	203	239	186	181	240	200	178	238	190	207	224	206	0	0	2	0	0	0	0	0	0	0	5	0	137	196	201	172	188	226	177	161	223	193	162	224	180	200	228	179	0	0	2	0	0	0	0	0	0	0	6	0	157	213	217	221	232	255	223	206	255	248	212	255	244	215	238	197	0	0	1	0	0	0	0	0	0	0	2	0	56	93	78	70	81	91	72	70	86	76	60	71	61	56	59	53	0	0	1	0	0
0	0	0	0	0	0	0	0	0	0	0	0	0	0	0	0	0	0	0	0	0	0	0	0	0	0	0	0	0	0	0	0	0	0	0	0	0	0	0	0	0	0	0	0	0	0	0	0	0	0	0	0	0	0	0	0	0	0	0	0	0	0	0	0	0	0	0	0	0	0	0	0	0	0	0	0	0	0	0	0	0	0	0	0	0	0	0	0	0	0	0	0	0	0	0	0	0	0	0	0	0	0	0	0	0	0	0	0	0	0	0	0	0	0	0	0	0	0	0	0	0	0	0	0	0	0	0	0	0	0	0	0	0	0	0	0	0	0	0	0	1	0	15	22	0	0	0	0	0	0	0	0	0	0	0	0	0	0	0	0	0	0	0	0	0	0	0	0	0	28	34	105	153	155	187	171	138	139	149	147	149	145	142	142	138	141	144	141	140	132	137	143	157	177	191	45	69	104	0	165	231	231	233	237	235	232	232	233	232	227	228	230	230	232	235	235	238	232	229	231	236	235	253	181	53	65	0	200	207	218	225	222	222	222	221	220	220	223	190	192	193	220	219	219	216	217	223	218	226	229	234	189	31	67	0	190	216	220	222	220	221	216	219	220	221	226	226	229	230	217	217	227	220	220	221	223	227	223	247	182	28	65	0	181	224	215	218	221	222	218	218	219	220	215	215	215	214	222	218	223	220	223	221	229	229	225	247	180	11	86	0	196	224	214	219	220	218	219	219	219	218	215	226	218	220	225	222	220	223	228	229	227	224	222	252	167	0	117	0	189	218	214	217	220	221	222	221	220	222	218	224	219	220	224	222	222	225	227	227	228	230	222	254	157	0	131	0	178	215	215	217	217	223	224	218	217	219	218	224	219	222	224	224	222	225	226	227	228	228	221	255	150	0	112	0	168	217	214	215	219	218	219	218	217	216	220	223	220	224	224	225	223	225	226	227	228	228	221	255	140	0	110	0	164	223	212	214	222	214	217	223	222	217	221	222	221	225	223	226	223	224	226	226	228	229	220	255	134	0	98	0	143	228	212	218	218	217	219	222	219	219	220	223	223	224	225	223	226	225	228	223	231	229	222	255	128	0	49	28	138	227	211	218	218	216	217	221	220	221	220	224	223	224	225	223	225	224	227	226	226	225	222	255	125	0	10	70	166	222	208	219	219	219	222	226	226	229	223	224	223	224	225	223	225	224	225	228	228	231	222	238	125	0	0	28	185	219	217	224	229	230	232	227	221	219	219	220	219	219	219	219	220	218	219	218	219	220	214	242	104	3	0	21	180	229	233	243	240	241	227	235	243	241	240	239	239	239	239	237	238	237	237	239	240	239	249	229	18	0	0	244	206	185	205	214	216	233	192	176	172	152	176	174	175	175	178	186	183	181	181	167	166	160	144	35	0	0	0	79	169	186	194	189	181	191	152	55	0	0	0	0	0	0	0	0	0	0	0	0	0	0	0	0	0	0	0	0	0	0	0	0	0	0	0	0	0	0	0	0	0	0	0	0	0	0	0	0	0	0	0	0	0	0	0	0	0	0	0	0	0	0	0	0	0	0	0	0	0	0	0	0	0	0	0	0	0	0	0	0	0	0	0	0	0	0	0	0	0	0	0	0	0	0	0	0	0	0	0	0	0	0	0	0	0	0	0	0	0	0	0	0	0	0	0	0	0	0	0	0	0	0	0	0	0	0	0	0	0	0	0	0	0	0	0	0	0	0	0	0	0	0	0	0	0	0	0	0	0	0	0	0	0	0	0	0	0	0	0	0	0	0	0	0	0
0	0	0	0	0	0	0	0	0	0	4	101	117	125	105	102	150	107	3	0	0	0	0	0	0	0	0	0	0	0	0	0	0	0	0	0	0	0	87	190	148	97	150	102	91	169	82	0	0	0	0	0	0	0	0	0	0	0	0	0	0	0	0	0	0	0	72	191	224	163	149	159	192	188	89	0	0	0	0	0	0	0	0	0	0	0	0	0	0	0	0	0	0	0	122	197	246	106	32	233	236	196	127	0	0	0	0	0	0	0	0	0	0	0	0	0	0	0	0	0	0	0	143	188	188	57	18	124	232	160	148	8	0	0	0	0	0	0	0	0	0	0	0	0	0	0	0	0	0	5	170	117	156	168	133	231	217	45	164	21	0	0	0	0	0	0	0	0	0	0	0	0	0	0	0	0	0	0	207	64	207	185	141	229	211	4	181	46	0	0	0	0	0	0	0	0	0	0	0	0	0	0	0	0	0	17	212	79	223	155	185	229	253	2	172	72	0	0	0	0	0	0	0	0	0	0	0	0	0	0	0	0	0	27	174	74	234	235	228	215	245	118	100	123	0	0	0	0	0	0	0	0	0	0	0	0	0	0	0	0	0	56	177	94	237	226	225	229	231	168	35	161	0	0	0	0	0	0	0	0	0	0	0	0	0	0	0	0	0	84	138	97	240	160	215	254	103	141	75	167	0	0	0	0	0	0	0	0	0	0	0	0	0	0	0	0	0	89	88	73	255	93	211	206	8	127	50	106	0	0	0	0	0	0	0	0	0	0	0	0	0	0	0	0	0	0	0	96	255	75	179	249	107	128	0	0	0	0	0	0	0	0	0	0	0	0	0	0	0	0	0	0	0	0	0	143	241	150	190	227	176	202	0	0	0	0	0	0	0	0	0	0	0	0	0	0	0	0	0	0	0	1	0	106	237	185	227	242	235	150	0	0	0	0	0	0	0	0	0	0	0	0	0	0	0	0	0	0	0	2	0	160	188	177	218	172	166	142	0	0	0	0	0	0	0	0	0	0	0	0	0	0	0	0	0	0	0	1	0	129	146	143	125	48	102	144	0	0	0	0	0	0	0	0	0	0	0	0	0	0	0	0	0	0	0	0	0	108	175	178	100	86	151	164	0	0	0	0	0	0	0	0	0	0	0	0	0	0	0	0	0	0	0	1	0	100	153	81	113	134	127	153	0	0	0	0	0	0	0	0	0	0	0	0	0	0	0	0	0	0	0	1	0	99	150	155	188	153	135	169	0	0	0	0	0	0	0	0	0	0	0	0	0	0	0	0	0	0	0	2	0	116	155	161	146	99	106	140	0	0	0	0	0	0	0	0	0	0	0	0	0	0	0	0	0	0	0	2	0	89	203	157	177	104	94	127	2	0	0	0	0	0	0	0	0	0	0	0	0	0	0	0	0	0	0	1	0	56	219	169	184	129	75	149	11	0	0	0	0	0	0	0	0	0	0	0	0	0	0	0	0	0	0	0	0	66	207	158	172	152	61	131	0	0	0	0	0	0	0	0	0	0	0	0	0	0	0	0	0	0	0	0	0	81	213	135	142	169	107	162	5	0	0	0	0	0	0	0	0	0	0	0	0	0	0	0	0	0	0	0	0	108	223	154	201	152	127	161	35	0	0	0	0	0	0	0	0	0	0	0	0	0	0	0	0	0	0	0	0	43	234	173	129	156	157	158	22	0	0	0	0	0	0	0	0	0	0	0	0	0	0	0	0	0	0	0	0	0	155	146	92	135	111	18	0	0	0	0	0	0	0	0	0	0
0	0	0	0	0	0	0	0	0	0	0	0	0	0	0	0	0	0	0	0	0	0	0	0	0	0	0	0	0	0	0	0	0	0	0	0	0	0	0	0	0	0	0	0	0	0	0	0	0	0	0	0	0	0	0	0	0	0	0	0	0	0	0	0	0	0	0	0	0	0	0	0	0	0	0	0	0	0	0	0	0	0	0	0	0	0	0	0	0	0	0	0	0	0	0	0	0	0	0	0	0	0	0	0	0	0	0	0	0	0	0	0	0	0	0	0	0	0	0	0	0	0	0	0	0	0	0	0	0	0	0	0	0	0	0	0	0	0	0	0	0	0	0	0	0	0	0	0	0	0	0	0	0	0	0	0	0	0	0	0	0	0	0	0	0	0	0	0	0	0	0	0	0	0	0	0	0	0	0	1	0	0	0	0	0	0	0	0	1	0	0	0	0	0	40	0	0	0	0	0	0	0	0	0	0	0	0	0	0	0	2	0	4	90	30	0	0	0	0	0	0	51	127	65	0	0	0	0	0	0	0	0	0	0	0	0	0	0	6	0	68	234	223	120	49	85	75	96	187	231	165	0	0	0	0	0	0	0	0	0	0	0	0	0	0	0	1	0	163	214	195	213	220	214	223	219	213	230	130	0	0	0	0	0	0	0	0	0	0	0	0	0	0	1	0	0	239	207	207	200	159	172	181	204	210	228	110	0	0	0	0	0	0	0	0	0	0	2	1	0	0	1	0	135	252	205	222	205	185	188	200	222	217	226	118	0	0	0	0	0	0	0	0	0	0	4	0	1	0	0	69	254	205	205	208	200	180	194	196	215	214	231	130	0	0	0	0	0	0	0	0	0	0	0	1	0	0	61	242	206	213	211	205	202	184	200	199	220	214	223	175	0	0	0	0	0	0	1	2	5	1	0	0	0	94	253	211	208	216	210	205	205	185	190	184	209	215	210	223	0	0	0	5	5	0	0	0	0	0	0	24	175	242	208	201	212	220	213	205	216	204	202	197	222	213	212	244	39	1	7	0	0	0	0	0	29	79	172	239	220	195	196	205	204	209	211	215	218	210	212	219	210	213	208	240	89	0	0	18	123	193	209	220	227	236	210	183	192	200	204	204	209	213	217	217	215	213	201	208	207	208	197	240	124	0	149	213	211	202	203	202	199	200	195	200	211	210	207	205	204	215	216	217	226	224	219	217	223	221	215	248	66	0	153	218	219	228	222	214	210	207	203	203	204	211	215	218	231	240	237	255	244	214	203	209	208	203	202	232	55	0	0	6	71	133	182	225	252	254	254	254	254	253	245	217	176	115	61	6	71	255	248	243	241	246	233	255	122	0	0	0	0	0	0	0	7	32	50	48	38	32	0	0	0	0	0	0	0	56	90	83	92	96	89	103	31	0	0	0	0	0	0	0	0	0	0	0	0	0	0	0	0	0	0	0	0	0	0	0	0	0	0	0	0	0	0	0	0	0	0	0	0	0	0	0	0	0	0	0	0	0	0	0	0	0	0	0	0	0	0	0	0	0	0	0	0	0	0	0	0	0	0	0	0	0	0	0	0	0	0	0	0	0	0	0	0	0	0	0	0	0	0	0	0	0	0	0	0	0	0	0	0	0	0	0	0	0	0	0	0	0	0	0	0	0	0	0	0	0	0	0	0	0	0	0	0	0	0	0	0	0	0	0	0	0	0	0	0	0	0	0	0	0	0	0	0	0	0	0	0	0	0	0	0	0	0	0	0	0	0	0	0	0	0	0	0	0	0	0	0	0	0	0	0
0	0	0	0	0	0	0	0	48	181	195	168	171	142	36	139	175	182	210	122	2	0	0	1	0	0	0	0	0	0	0	0	2	0	0	190	213	200	200	208	197	200	181	198	197	200	197	203	252	102	0	1	0	0	0	0	0	0	0	0	2	0	128	217	182	185	184	188	197	201	210	200	190	180	181	181	184	211	57	0	2	0	0	0	0	0	0	0	0	0	171	198	191	193	193	188	184	187	187	180	178	181	181	190	181	194	165	0	0	0	0	0	0	0	0	0	0	14	203	193	194	193	190	184	184	184	184	182	181	180	185	190	185	191	174	0	0	0	0	0	0	0	0	0	0	60	204	190	198	195	187	184	181	184	184	181	180	178	188	191	188	182	191	24	0	0	0	0	0	0	0	0	0	121	204	190	201	198	188	181	180	180	185	182	175	175	187	200	188	184	195	77	0	0	0	0	0	0	0	0	0	152	200	190	201	195	184	178	175	177	187	184	177	177	178	197	194	184	197	118	0	0	0	0	0	0	0	0	0	193	191	193	207	201	177	175	175	180	185	185	177	175	171	181	206	184	191	142	0	0	0	0	0	0	0	0	0	214	187	197	208	217	178	177	177	182	182	185	178	175	178	184	213	184	185	175	0	0	0	0	0	0	0	0	0	224	181	236	95	187	191	175	175	180	180	181	182	177	187	171	132	200	184	191	0	0	0	0	0	0	0	0	27	224	180	255	54	158	198	174	175	180	181	181	181	175	184	182	83	218	181	204	0	0	0	0	0	0	0	0	61	226	184	243	47	177	195	174	175	180	181	181	181	177	188	187	70	226	180	203	0	0	0	0	0	0	0	0	86	216	188	216	18	210	184	174	178	181	180	180	180	180	182	198	60	220	182	206	21	0	0	0	0	0	0	0	95	203	198	193	44	224	177	175	180	181	180	180	178	174	177	210	41	211	185	204	38	0	0	0	0	0	0	0	116	195	211	148	115	216	177	177	181	182	181	180	178	172	174	218	57	194	188	206	64	0	0	0	0	0	0	0	144	190	213	133	170	197	182	177	181	184	182	180	177	177	175	213	96	177	198	203	82	0	0	0	0	0	0	0	161	185	195	170	197	178	184	182	180	185	184	181	178	177	177	200	133	162	197	201	85	0	0	0	0	0	0	0	172	194	185	229	197	181	190	190	185	185	185	182	178	181	182	184	188	195	191	200	103	0	0	0	0	0	0	0	181	191	190	230	178	190	191	194	185	182	187	184	180	187	187	181	185	206	184	203	115	0	0	0	0	0	0	0	191	187	194	231	185	184	187	187	181	180	182	181	180	181	185	181	195	221	187	207	121	0	0	0	0	0	0	0	195	187	214	106	227	247	208	210	200	197	198	197	198	201	203	252	187	149	197	198	125	0	0	0	0	0	0	0	200	185	239	61	0	72	79	93	112	129	146	151	145	119	90	72	0	116	207	197	133	0	0	0	0	0	0	0	201	191	234	72	0	0	0	0	0	0	0	0	0	0	0	0	0	121	206	193	135	0	0	0	0	0	0	0	203	197	206	57	0	5	2	7	5	5	4	4	4	5	2	7	0	96	207	194	144	0	0	0	0	0	0	0	198	200	197	34	0	2	0	0	0	0	0	0	0	0	0	2	0	69	203	195	141	0	0	0	0	0	0	0	216	216	206	14	0	5	0	0	0	0	0	0	0	0	0	5	0	54	218	216	139	0	0	0	0	0	0	0	92	155	110	0	0	2	0	0	0	0	0	0	0	0	0	2	0	5	138	149	46	0	0	0
0	0	0	0	0	0	0	0	0	0	2	0	18	144	121	0	0	1	0	0	0	1	0	0	0	0	0	0	0	0	0	0	0	0	0	0	0	0	0	0	191	14	141	173	0	1	0	0	0	0	0	0	0	0	0	0	0	0	0	0	0	0	0	0	0	3	0	129	141	0	0	203	16	0	2	1	0	0	0	0	0	0	0	0	0	0	0	0	0	0	0	1	1	0	0	179	35	0	0	178	115	0	2	1	0	0	0	0	0	0	0	0	0	0	0	0	0	0	0	0	4	0	64	193	0	0	0	133	148	0	0	0	0	0	0	0	0	0	0	0	0	0	0	0	0	0	0	0	1	0	161	155	0	0	0	93	182	9	0	2	0	0	0	0	0	0	0	0	0	0	0	0	0	1	0	2	0	0	205	100	0	3	0	43	195	34	0	4	0	0	0	0	0	0	0	0	0	0	0	0	0	0	2	7	0	37	214	31	0	4	0	14	199	59	0	4	0	0	0	0	0	0	0	0	0	0	0	0	0	0	0	0	0	110	205	0	0	2	0	3	200	99	0	1	2	2	0	0	0	0	0	0	0	0	0	0	0	0	25	0	0	141	197	0	0	0	0	0	181	138	0	0	0	0	0	0	0	0	0	0	0	0	0	0	0	0	214	165	49	213	180	48	70	87	77	55	181	181	35	75	87	94	0	0	0	0	0	0	0	0	0	0	0	0	184	146	179	174	165	164	127	140	149	132	166	193	120	160	167	126	48	0	0	0	0	0	0	0	0	0	0	140	220	116	154	195	132	131	152	95	116	90	132	149	141	158	172	160	48	0	0	0	0	0	0	0	0	0	0	186	194	148	109	142	155	121	138	101	99	121	131	159	159	164	187	94	0	0	0	0	0	0	0	0	0	0	0	125	198	186	207	190	200	203	182	188	210	208	192	210	219	164	205	50	0	0	0	0	0	0	0	0	0	0	0	56	226	165	199	178	152	173	182	194	190	188	203	205	198	178	224	67	0	0	0	0	0	0	0	0	0	0	0	35	230	168	185	182	165	172	188	192	181	193	184	185	171	165	225	64	0	0	0	0	0	0	0	0	0	0	0	27	238	185	188	198	195	203	195	198	197	191	193	197	208	168	197	82	0	0	0	0	0	0	0	0	0	0	0	5	225	190	223	185	184	179	185	197	194	197	192	200	206	194	199	77	0	0	0	0	0	0	0	0	0	0	0	0	220	191	199	177	182	178	182	205	200	198	197	198	192	204	224	72	0	0	0	0	0	0	0	0	0	0	0	0	224	182	197	204	190	193	191	184	197	203	197	193	211	210	219	59	0	0	0	0	0	0	0	0	0	0	0	0	229	181	159	199	217	219	216	186	208	227	217	207	213	213	221	51	0	0	0	0	0	0	0	0	0	0	0	15	230	168	173	192	201	199	211	213	236	192	190	201	204	199	219	64	0	0	0	0	0	0	0	0	0	0	0	25	218	166	187	200	201	203	218	213	212	192	204	187	219	180	217	94	0	0	0	0	0	0	0	0	0	0	0	37	231	195	193	204	197	192	206	194	210	185	205	188	175	173	191	94	0	0	0	0	0	0	0	0	0	0	0	40	238	198	190	193	193	198	194	186	199	181	197	203	188	194	203	116	0	0	0	0	0	0	0	0	0	0	0	27	255	201	232	220	223	225	230	238	223	226	231	220	221	218	237	116	0	0	0	0	0	0	0	0	0	0	0	9	138	109	118	107	126	141	131	141	140	151	152	148	152	144	168	53	0	0	0	0	0	0
0	0	0	0	0	0	0	0	0	0	0	0	0	0	0	0	0	0	0	0	0	0	0	0	0	0	0	0	0	0	0	0	0	0	0	0	33	108	228	254	171	151	144	165	211	255	203	122	22	0	0	0	0	0	0	0	0	0	0	0	0	0	0	164	245	249	236	243	255	253	211	255	254	238	242	250	245	170	0	0	0	0	0	0	0	0	0	0	4	0	125	255	227	225	229	230	226	222	203	234	233	230	227	227	223	249	151	0	0	0	0	0	0	0	0	0	0	0	255	213	230	233	227	198	237	224	240	228	172	223	236	235	214	212	255	0	0	0	0	0	0	0	0	0	0	50	246	218	227	232	228	200	255	254	254	211	158	217	229	232	228	226	249	44	0	0	0	0	0	0	0	0	0	119	247	231	232	228	232	226	86	37	140	255	239	240	215	229	241	233	250	117	0	0	0	0	0	0	0	0	0	155	250	230	233	228	237	238	238	223	229	233	224	234	211	226	246	228	251	163	0	0	0	0	0	0	0	0	0	173	248	230	241	230	214	229	250	179	217	238	229	234	208	244	255	221	248	191	0	0	0	0	0	0	0	0	0	193	245	233	243	167	179	241	239	145	174	226	229	234	239	147	243	243	243	228	0	0	0	0	0	0	0	0	0	221	253	183	214	227	218	242	236	128	162	232	230	235	247	172	229	251	241	255	0	0	0	0	0	0	0	0	0	255	245	216	221	251	182	238	239	227	214	210	232	237	244	237	250	245	240	255	4	0	0	0	0	0	0	0	0	255	241	255	235	241	220	239	204	242	238	236	234	228	251	241	228	250	238	255	35	0	0	0	0	0	0	0	32	255	245	242	201	174	226	231	212	230	233	226	238	175	238	255	192	181	255	255	83	0	0	0	0	0	0	0	78	255	255	133	215	247	244	210	99	200	244	230	234	206	231	255	187	94	255	255	117	0	0	0	0	0	0	0	101	255	255	71	192	221	244	188	69	217	239	233	238	247	236	191	206	37	255	255	133	0	0	0	0	0	0	0	140	255	255	90	207	237	245	211	209	208	242	225	224	220	224	215	235	41	255	255	154	0	0	0	0	0	0	0	168	255	255	94	215	233	234	242	218	239	234	216	205	219	205	224	255	81	255	255	174	0	0	0	0	0	0	0	179	255	255	76	249	243	235	233	236	233	236	241	239	240	243	234	253	90	255	255	171	0	0	0	0	0	0	0	177	255	255	44	255	229	229	229	223	223	223	230	222	228	230	231	247	74	255	255	153	0	0	0	0	0	0	0	180	255	255	69	255	248	248	248	249	248	249	251	251	249	249	249	255	79	255	255	139	0	0	0	0	0	0	0	152	251	255	40	195	191	180	174	170	165	156	158	156	163	168	168	184	53	255	250	131	0	0	0	0	0	0	0	133	253	255	0	0	0	0	0	0	0	0	0	0	0	0	0	0	0	243	251	111	0	0	0	0	0	0	0	113	255	222	0	0	5	3	1	2	2	2	2	2	2	2	5	0	17	244	252	109	0	0	0	0	0	0	0	99	254	215	0	0	3	0	0	0	0	0	0	0	0	0	3	0	13	242	248	93	0	0	0	0	0	0	0	115	255	220	0	0	3	0	0	0	0	0	0	0	0	0	5	0	16	254	255	75	0	0	0	0	0	0	0	91	199	203	0	0	1	0	0	0	0	0	0	0	0	0	4	0	18	193	199	53	0	0	0	0	0	0	0	0	0	0	0	0	0	0	0	0	0	0	0	0	0	0	0	0	0	0	0	0	0	0	0
0	0	0	0	0	0	1	0	0	0	0	75	105	48	43	65	156	0	0	0	0	2	1	0	0	0	0	0	0	0	0	0	1	3	0	0	0	1	68	229	219	216	214	207	228	148	65	0	0	0	0	1	0	0	0	0	0	0	0	0	0	0	0	76	187	206	203	164	243	238	234	255	192	161	212	187	146	79	0	0	0	0	0	0	0	0	0	0	0	57	186	208	203	194	195	132	157	236	242	224	113	185	196	197	208	216	150	0	0	0	0	0	0	0	0	0	1	197	200	188	191	187	192	198	145	194	240	179	173	208	192	192	187	176	214	101	0	0	0	0	0	0	0	0	76	211	191	193	205	194	196	194	201	177	189	199	170	149	183	191	181	188	199	176	0	0	0	0	0	0	0	0	121	211	191	192	199	184	193	185	178	180	193	191	159	111	161	197	189	190	195	184	0	0	0	0	0	0	0	0	141	210	201	186	189	191	182	180	176	177	184	183	184	110	148	197	185	185	199	188	0	0	0	0	0	0	0	0	171	190	195	224	192	179	181	184	177	185	188	187	163	101	182	194	180	195	205	191	0	0	0	0	0	0	0	0	182	193	186	197	218	207	176	181	183	184	190	178	180	169	87	146	194	206	199	226	0	0	0	0	0	0	0	0	188	197	178	184	200	206	201	178	175	187	191	177	174	181	187	226	172	205	187	232	20	0	0	0	0	0	0	0	199	197	158	195	209	186	198	193	169	188	185	178	180	179	187	178	176	212	186	235	35	0	0	0	0	0	0	0	218	192	156	214	205	190	177	199	182	179	187	176	178	178	185	178	183	217	184	231	55	0	0	0	0	0	0	0	227	186	165	219	205	194	183	180	190	174	186	176	175	181	187	185	189	213	181	229	73	0	0	0	0	0	0	0	229	183	170	226	210	192	203	175	177	180	183	175	171	183	182	176	185	208	178	227	74	0	0	0	0	0	0	15	233	181	174	234	200	197	202	191	173	179	185	182	176	181	181	177	187	212	169	219	78	0	0	0	0	0	0	34	237	178	180	248	193	194	195	194	179	175	183	183	182	177	181	175	186	216	162	224	75	0	0	0	0	0	0	60	240	171	174	239	206	189	190	192	174	180	186	177	181	178	187	178	189	227	163	221	77	0	0	0	0	0	0	80	234	180	158	198	224	172	194	199	173	181	189	177	183	181	183	183	187	242	170	219	93	0	0	0	0	0	0	101	227	194	128	179	226	187	188	197	177	178	183	177	180	186	182	192	204	224	183	231	104	0	0	0	0	0	0	117	216	205	106	174	230	202	188	186	183	181	178	187	174	184	184	189	213	214	197	224	107	0	0	0	0	0	0	138	201	230	92	190	235	192	194	185	180	188	188	187	176	186	187	190	179	211	206	202	133	0	0	0	0	0	0	173	200	246	47	140	216	190	189	185	184	190	202	185	185	177	168	203	150	164	210	190	147	0	0	0	0	0	0	169	190	240	25	88	218	203	205	204	187	192	200	184	188	203	201	222	79	95	204	195	159	0	0	0	0	0	0	154	201	203	0	118	197	178	181	185	205	206	209	205	199	179	177	188	91	85	211	202	110	0	0	0	0	0	0	129	210	187	0	11	126	136	137	120	137	136	119	160	120	110	114	110	0	56	215	200	83	0	0	0	0	0	0	75	141	140	0	0	0	0	0	0	0	0	0	0	0	0	0	0	0	36	160	140	43	0	0	0	0	0	0	0	0	0	0	0	2	0	0	0	0	0	0	0	0	0	0	2	0	0	0	0	0	0	0	0
0	0	0	0	0	0	0	1	0	0	28	16	0	0	0	0	0	0	0	0	2	1	0	1	0	0	0	0	0	0	0	0	0	0	1	0	0	99	165	182	194	195	172	163	203	169	162	0	0	2	0	0	0	0	0	0	0	0	0	0	0	0	1	0	100	205	180	181	214	211	228	216	193	192	206	173	2	0	4	0	0	0	0	0	0	0	0	0	0	4	0	29	174	183	194	188	193	197	208	203	214	194	179	198	109	0	4	0	0	0	0	0	0	0	0	0	1	0	0	72	191	199	210	176	194	245	217	235	221	202	194	186	167	53	0	1	0	0	0	0	0	0	0	0	1	0	145	203	172	185	203	188	176	215	235	225	214	216	225	192	171	206	74	0	4	0	0	0	0	0	0	0	0	21	184	195	210	188	169	176	196	237	255	226	198	195	198	169	186	200	182	0	0	0	0	0	0	0	0	0	0	87	184	181	219	185	175	184	172	173	222	210	193	190	185	192	195	191	206	64	0	0	0	0	0	0	0	0	0	134	192	186	205	210	196	199	187	186	189	199	182	211	197	188	197	185	202	133	0	0	0	0	0	0	0	0	0	168	196	190	191	198	197	192	157	195	189	194	159	175	192	195	193	180	195	185	0	0	0	0	0	0	0	0	0	189	187	181	200	194	196	193	159	193	185	183	175	177	188	193	196	196	187	207	0	0	0	0	0	0	0	0	7	204	181	186	208	196	197	196	166	193	195	190	185	168	197	195	187	206	186	191	8	0	0	0	0	0	0	0	36	193	188	186	208	182	198	199	170	192	191	187	188	169	193	194	189	205	180	207	45	0	0	0	0	0	0	0	58	191	189	183	220	183	190	197	171	189	192	198	175	176	185	185	195	206	188	203	65	0	0	0	0	0	0	0	80	193	186	180	206	184	190	198	177	192	176	154	183	177	199	183	190	212	191	203	77	0	0	0	0	0	0	0	89	206	181	169	211	180	181	198	177	184	177	181	178	177	193	186	200	212	189	204	86	0	0	0	0	0	0	0	98	207	172	172	224	199	188	198	181	183	197	189	175	187	194	188	193	207	180	200	89	0	0	0	0	0	0	0	87	207	166	176	212	204	196	199	192	191	195	179	182	193	195	193	186	207	183	202	99	0	0	0	0	0	0	0	78	205	158	180	212	199	187	196	191	182	192	179	175	188	195	193	195	213	189	203	112	0	0	0	0	0	0	0	102	202	162	188	222	198	189	196	187	185	180	174	173	187	196	196	189	213	185	196	131	0	0	0	0	0	0	0	109	207	171	191	215	197	200	198	194	190	171	199	179	192	192	202	185	205	191	192	127	0	0	0	0	0	0	0	109	208	171	193	216	198	196	198	187	187	189	195	171	189	197	199	187	206	191	196	126	0	0	0	0	0	0	0	114	199	167	193	214	199	192	198	181	185	189	183	168	175	199	198	194	214	182	196	136	0	0	0	0	0	0	0	142	202	185	202	205	192	201	200	196	193	195	195	181	188	195	197	188	204	187	197	137	0	0	0	0	0	0	0	147	194	192	176	192	207	193	196	189	191	196	193	187	175	191	200	199	204	192	188	123	0	0	0	0	0	0	0	139	189	194	142	2	223	205	204	198	191	195	203	200	117	206	198	77	200	190	181	143	0	0	0	0	0	0	0	166	193	196	168	0	0	47	126	191	169	176	172	142	92	33	0	0	160	213	203	157	0	0	0	0	0	0	0	51	178	177	42	0	0	0	0	0	0	0	0	0	0	0	1	0	4	105	112	3	0	0	0
0	0	0	0	0	0	0	0	0	0	0	0	0	0	0	0	0	0	0	0	0	0	0	0	0	0	0	0	0	0	0	0	0	0	0	0	0	0	0	0	0	0	0	0	0	0	0	0	0	0	0	0	0	0	0	0	0	0	0	1	0	0	52	72	0	0	0	0	0	0	0	0	0	0	9	79	37	0	0	0	0	0	0	0	1	2	0	0	0	0	119	65	27	0	1	0	0	2	0	0	22	11	33	97	94	0	0	0	0	0	0	0	8	1	0	1	0	0	140	93	78	0	0	0	0	0	0	0	33	93	72	93	107	0	2	0	0	0	0	0	0	0	2	0	0	0	108	112	107	36	29	45	47	39	47	36	55	119	58	108	94	0	0	0	0	0	0	0	1	0	0	9	16	8	117	96	105	115	57	79	78	71	75	73	64	72	97	62	111	61	51	57	0	0	0	0	0	0	6	97	111	97	93	93	58	105	98	78	54	57	52	51	55	39	105	96	71	69	128	140	100	13	0	0	0	0	98	104	103	32	86	112	37	62	52	50	51	57	58	58	58	52	64	86	168	25	76	135	72	94	0	0	0	25	156	59	140	8	192	136	39	50	52	64	59	59	61	61	61	62	27	58	246	25	40	147	47	97	45	0	0	105	98	50	147	4	204	122	16	57	71	68	66	65	64	64	66	64	22	101	214	19	18	128	130	29	86	25	20	119	45	58	144	19	241	122	19	61	64	69	62	66	68	66	69	68	25	117	220	40	36	51	172	85	82	37	40	130	57	71	144	82	255	143	18	65	62	64	65	69	66	66	68	68	40	52	182	82	36	51	133	111	26	0	0	43	50	64	143	111	196	82	33	61	61	62	65	69	66	68	68	69	44	51	147	115	79	58	2	0	0	0	0	0	0	0	6	130	121	62	50	58	59	62	64	68	68	69	69	62	47	72	117	105	73	0	0	0	0	0	0	2	0	0	0	126	143	59	51	62	61	64	66	68	68	73	71	66	52	75	111	0	0	0	0	0	4	0	0	0	0	1	0	43	75	55	66	59	62	65	66	66	72	73	68	66	52	66	82	0	0	1	0	2	0	0	0	0	0	0	0	0	8	85	55	59	61	64	65	64	73	76	68	75	68	61	59	0	0	0	0	0	0	0	0	0	0	0	1	0	41	90	51	61	61	64	65	61	68	76	73	76	72	57	59	0	0	0	0	0	0	0	0	0	0	0	1	0	41	85	57	61	61	64	65	64	65	76	78	69	65	59	66	0	0	0	0	0	0	0	0	0	0	0	0	0	57	65	54	61	61	65	65	66	65	78	78	66	66	61	73	0	0	0	0	0	0	0	0	0	0	0	0	0	64	62	57	62	57	62	68	57	57	76	79	62	71	59	78	18	0	0	0	0	0	0	0	0	0	0	0	0	69	61	59	73	66	62	72	72	69	83	79	66	71	65	78	36	0	0	0	0	0	0	0	0	0	0	0	1	62	25	41	51	51	36	48	58	55	62	58	47	50	52	44	34	0	0	0	0	0	0	0	0	0	1	0	19	136	71	86	86	80	64	64	82	87	98	107	100	101	94	94	51	0	0	0	0	0	0	0	0	0	0	0	6	130	137	156	144	146	143	146	140	137	136	130	128	144	136	153	54	0	1	0	0	0	0	0	0	0	0	0	0	0	26	43	50	61	59	71	71	68	65	59	51	44	40	2	0	0	0	0	0	0	0	0	0	0	0	0	0	0	0	0	0	0	0	0	0	0	0	0	0	0	0	0	0	0	0	0	0	0	0
0	0	0	0	0	0	0	0	0	0	0	0	0	0	0	0	0	0	0	0	0	0	0	0	0	0	0	0	0	0	0	0	0	0	0	0	0	0	0	0	0	0	0	0	0	0	0	0	0	0	0	0	0	0	0	0	0	0	0	0	0	0	0	0	0	0	0	0	0	0	0	0	0	0	0	0	0	0	0	0	0	0	0	0	0	34	47	41	42	42	42	42	48	48	48	48	47	44	43	41	40	36	34	35	32	33	32	27	26	35	33	0	0	118	160	141	145	144	145	145	141	141	141	140	141	147	145	145	145	144	146	146	143	145	146	146	150	168	166	0	0	122	136	116	124	123	123	123	123	123	123	123	122	122	123	124	125	128	132	131	126	126	130	136	133	136	169	12	3	173	141	131	140	138	138	139	140	143	146	150	151	150	150	150	150	147	145	145	145	145	145	148	146	144	184	27	24	208	148	145	148	147	147	147	145	145	146	146	147	147	147	147	147	146	144	144	145	144	145	150	150	144	189	35	17	200	158	166	163	162	161	161	161	160	158	156	155	153	153	153	153	152	151	151	151	151	153	155	156	148	191	40	11	201	168	167	164	163	162	160	161	161	160	158	156	161	161	160	162	160	159	160	160	159	160	159	162	151	194	47	23	206	174	170	171	169	168	168	167	167	163	164	167	163	163	168	164	162	162	163	163	163	159	156	162	151	196	62	29	203	173	174	175	175	174	175	170	175	170	176	177	181	183	179	176	174	164	166	166	167	168	167	164	156	196	63	9	189	177	182	177	178	176	176	176	176	176	173	148	140	151	137	148	176	175	174	171	170	170	169	169	158	207	77	14	218	185	175	178	177	175	176	173	167	169	175	167	171	170	168	163	169	168	166	163	162	163	161	162	152	199	48	16	239	213	215	215	214	213	213	214	214	207	208	205	198	194	203	197	192	192	192	191	190	186	186	192	193	223	1	19	233	227	229	238	238	236	237	236	238	234	230	231	235	230	230	229	229	228	228	229	229	234	228	216	216	246	9	17	196	215	208	194	201	197	198	199	194	191	190	189	188	188	186	184	184	186	186	186	186	190	186	194	201	229	17	79	192	197	206	186	196	192	190	193	191	189	186	183	181	179	177	176	175	176	176	175	175	175	170	181	186	216	19	104	206	198	204	189	193	191	191	194	196	194	191	188	186	186	183	181	179	177	177	176	175	176	169	175	174	206	24	96	201	216	224	220	221	211	205	209	208	207	198	191	181	182	178	176	176	175	173	171	170	173	168	176	177	209	25	29	102	137	164	147	185	224	244	205	245	231	241	228	213	206	206	198	200	198	196	193	193	188	179	181	177	178	24	17	234	146	143	150	106	76	143	238	183	156	214	204	203	196	193	191	189	191	190	190	189	190	193	184	177	189	33	0	221	155	164	191	130	109	150	222	199	198	203	191	208	201	211	205	209	204	207	177	177	174	171	177	181	181	0	0	159	206	222	216	243	188	126	209	197	205	198	254	130	0	2	2	2	1	1	1	2	2	2	3	2	0	0	0	0	85	169	69	89	114	129	140	126	121	89	79	16	0	0	0	0	0	0	0	0	0	0	0	0	0	0	0	0	0	0	0	0	0	0	0	0	0	0	0	0	0	0	0	0	0	0	0	0	0	0	0	0	0	0	0	0	0	0	0	0	0	0	0	0	0	0	0	0	0	0	0	0	0	0	0	0	0	0	0	0	0	0	0	0	0	0	0	0	0	0	0	0	0	0	0	0	0	0	0	0	0	0	0	0	0	0	0	0	0	0
0	0	0	0	0	0	0	1	0	0	0	29	205	134	128	171	60	0	0	1	0	0	1	0	0	0	0	0	0	0	0	0	0	1	0	0	0	0	2	175	232	220	218	221	184	28	0	0	0	2	1	0	0	0	0	0	0	0	0	0	1	0	0	23	117	192	126	145	232	221	223	230	157	142	173	58	0	0	2	0	0	0	0	0	0	0	0	0	0	0	69	154	159	167	113	144	239	237	240	255	121	91	175	174	174	9	0	2	0	0	0	0	0	0	0	0	0	0	154	162	124	108	139	128	208	247	229	151	154	141	117	148	177	92	0	0	0	0	0	0	0	0	0	0	0	0	171	159	138	111	111	123	181	186	169	191	140	129	104	111	188	160	0	0	0	0	0	0	0	0	0	0	0	33	184	162	154	111	114	88	177	110	154	163	189	174	188	128	189	190	0	0	0	0	0	0	0	0	0	0	0	75	172	163	122	116	115	102	170	149	159	192	173	144	205	188	185	199	28	0	0	0	0	0	0	0	0	0	0	115	177	188	188	150	175	163	162	147	181	158	156	156	127	178	186	190	63	0	0	0	0	0	0	0	0	0	0	133	182	203	188	129	164	136	184	148	196	176	151	104	163	254	194	179	110	0	0	0	0	0	0	0	0	0	0	165	180	218	159	137	118	150	182	161	186	164	159	124	185	233	214	162	149	0	0	0	0	0	0	0	0	0	1	179	178	221	151	164	151	184	180	161	189	180	184	155	125	136	232	163	177	0	0	0	0	0	0	0	0	0	19	181	184	249	103	191	159	189	171	124	177	187	167	188	121	133	238	165	185	0	0	0	0	0	0	0	0	0	48	180	194	229	64	170	146	179	178	142	178	186	148	202	130	99	255	167	182	32	0	0	0	0	0	0	0	0	65	162	205	174	64	177	163	182	169	180	197	171	164	177	153	27	255	174	181	68	0	0	0	0	0	0	0	0	82	161	243	146	65	134	114	125	149	198	204	148	168	162	186	49	245	179	182	82	0	0	0	0	0	0	0	0	97	144	243	116	87	138	146	115	131	167	140	126	133	127	135	92	210	196	177	98	0	0	0	0	0	0	0	0	119	143	235	143	90	122	137	119	138	174	141	122	157	130	102	134	208	194	176	106	0	0	0	0	0	0	0	0	128	150	205	187	125	156	162	115	157	191	189	148	135	132	112	99	205	200	185	120	0	0	0	0	0	0	0	0	129	149	204	153	135	201	189	178	175	192	225	200	178	202	203	149	203	213	180	129	0	0	0	0	0	0	0	0	135	142	235	80	0	11	20	41	55	39	64	57	49	52	37	0	163	229	167	138	0	0	0	0	0	0	0	0	143	144	232	57	0	0	0	0	0	0	0	0	0	0	0	0	169	214	180	138	0	0	0	0	0	0	0	0	141	151	200	47	0	4	2	2	2	2	4	2	2	2	1	0	175	212	181	137	0	0	0	0	0	0	0	0	132	154	194	75	0	3	0	0	0	0	0	0	0	0	0	0	183	209	180	130	0	0	0	0	0	0	0	0	126	156	189	107	0	3	0	0	0	0	0	0	0	0	0	0	151	205	172	109	0	0	0	0	0	0	0	0	95	157	175	119	0	7	0	0	0	0	0	0	0	0	0	0	147	181	166	68	0	0	0	0	0	0	0	0	68	162	147	92	0	4	0	0	0	0	0	0	0	0	2	0	129	138	175	32	0	0	0	0	0	0	0	0	0	0	0	0	0	0	0	0	0	0	0	0	0	0	0	0	0	0	0	0	0	0	0	0
0	0	0	0	0	0	0	0	0	0	0	0	0	0	0	0	0	0	0	0	0	0	0	0	0	0	0	0	0	0	0	0	0	0	0	0	0	0	0	0	0	0	0	0	0	0	0	0	0	0	0	0	0	0	0	0	0	0	0	0	0	0	0	0	0	0	0	0	0	0	0	0	0	0	0	0	0	0	0	0	0	0	0	0	0	0	0	0	0	0	0	0	0	0	0	0	0	0	0	0	0	0	0	0	0	0	0	0	0	0	0	0	0	0	0	0	0	0	0	0	0	0	0	0	1	0	8	1	0	0	0	0	0	0	0	0	17	149	39	0	0	0	0	0	0	0	0	0	0	0	0	0	0	4	1	0	24	48	42	47	13	4	0	0	0	94	66	0	0	0	0	0	0	0	0	1	1	0	0	0	0	2	0	20	167	163	175	167	149	147	126	91	22	136	63	0	0	0	0	0	0	0	0	1	0	0	0	0	0	4	0	55	165	153	118	127	136	147	171	201	172	213	101	0	0	0	0	0	0	0	0	1	0	0	0	0	0	6	0	71	172	163	152	135	149	161	163	175	179	213	41	0	0	0	0	0	0	0	0	0	0	0	0	0	1	0	0	91	174	163	167	132	140	150	155	167	172	199	31	0	0	0	0	0	0	0	0	1	0	0	0	1	1	0	0	130	181	138	147	144	159	155	165	175	174	192	27	0	0	0	0	0	0	0	1	3	0	0	1	1	4	0	40	161	150	153	137	137	152	155	168	165	176	197	26	0	0	0	0	0	0	0	0	0	0	0	0	4	0	0	114	191	155	141	143	150	161	164	158	165	173	203	31	0	0	0	0	0	0	1	1	1	1	0	4	0	0	87	190	160	113	121	145	161	174	186	173	180	172	214	43	0	1	0	0	0	1	1	1	2	1	8	0	0	98	180	130	126	128	155	155	161	138	138	142	155	138	207	86	0	0	0	0	0	0	1	1	0	12	8	0	98	189	141	144	149	166	157	134	129	145	155	157	157	142	196	150	0	0	0	0	0	2	3	3	8	1	0	24	161	151	111	149	153	161	161	176	166	163	141	144	142	145	188	201	0	0	2	0	0	0	0	0	0	8	70	126	113	116	176	175	178	176	175	142	97	75	74	94	107	138	160	203	1	11	0	0	0	27	51	76	113	119	130	95	104	128	158	148	152	119	72	41	83	116	117	102	93	124	151	230	11	0	5	112	119	106	156	152	103	95	62	50	75	41	27	6	12	48	98	134	164	157	143	147	150	152	173	197	1	0	128	189	145	91	80	74	86	78	95	104	112	114	144	140	138	144	145	165	178	144	113	117	124	112	138	136	0	16	182	184	142	156	142	148	140	126	130	126	124	149	178	172	165	141	126	151	171	188	187	184	201	197	205	238	0	27	180	204	186	179	148	170	151	164	156	148	150	138	122	159	189	204	235	182	179	176	165	153	170	165	172	145	0	0	8	118	240	219	241	241	221	219	206	203	212	220	230	245	189	118	51	20	225	255	215	223	236	235	197	229	0	0	0	0	9	44	74	95	112	119	129	134	126	127	104	55	19	0	0	0	10	55	60	45	31	12	0	0	0	0	0	0	0	0	0	0	0	0	0	0	0	0	0	0	0	0	0	0	0	0	0	0	0	0	0	0	0	0	0	0	0	0	0	0	0	0	0	0	0	0	0	0	0	0	0	0	0	0	0	0	0	0	0	0	0	0	0	0	0	0	0	0	0	0	0	0	0	0	0	0	0	0	0	0	0	0	0	0	0	0	0	0	0
0	0	0	0	0	0	0	0	2	0	0	0	59	99	65	78	20	0	0	1	0	1	0	0	0	0	0	0	0	0	0	0	0	0	0	1	0	0	72	151	176	238	176	214	254	130	0	1	0	1	0	0	0	0	0	0	0	0	0	0	0	1	2	2	0	109	189	78	61	143	101	111	133	174	107	0	3	1	1	0	0	0	0	0	0	0	0	0	1	1	0	0	0	226	230	186	194	215	42	119	190	204	229	0	0	1	2	0	0	0	0	0	0	0	0	0	1	0	0	95	207	227	236	222	196	166	129	211	214	226	233	181	35	0	0	0	0	0	0	0	0	0	0	0	0	0	216	234	220	214	214	222	234	113	132	227	214	215	212	220	227	196	0	0	0	0	0	0	0	0	0	0	0	32	220	214	211	215	215	216	234	155	200	229	209	215	214	211	212	221	48	0	0	0	0	0	0	0	0	0	0	118	211	215	224	220	216	215	222	158	229	219	223	223	219	218	212	212	113	0	0	0	0	0	0	0	0	0	0	167	203	213	214	196	192	196	189	91	174	192	178	181	186	211	211	214	150	0	0	0	0	0	0	0	0	0	0	200	212	201	193	201	188	189	201	93	154	189	166	188	197	192	204	212	173	0	0	0	0	0	0	0	0	0	0	216	205	218	192	186	179	188	198	113	159	179	167	194	183	197	199	201	206	0	0	0	0	0	0	0	0	0	44	223	194	242	199	208	208	205	213	109	144	208	196	188	177	199	200	185	215	11	0	0	0	0	0	0	0	0	71	224	186	238	201	191	191	192	200	113	148	205	181	200	197	190	220	184	218	33	0	0	0	0	0	0	0	0	39	230	177	246	208	182	183	199	196	114	152	200	182	186	146	193	223	199	220	47	0	0	0	0	0	0	0	0	50	223	175	244	199	186	190	191	196	110	152	198	158	191	182	200	219	170	215	85	0	0	0	0	0	0	0	0	99	216	168	248	219	201	208	201	214	125	152	213	196	204	205	199	230	177	205	121	0	0	0	0	0	0	0	0	118	222	179	238	208	185	189	200	203	116	151	200	182	199	186	201	228	189	205	126	0	0	0	0	0	0	0	0	131	216	184	236	212	200	188	192	201	118	146	215	181	191	200	208	239	191	213	137	0	0	0	0	0	0	0	0	147	209	175	227	204	206	201	189	201	124	135	215	185	189	199	189	242	197	196	155	0	0	0	0	0	0	0	0	147	207	183	235	206	205	209	197	211	126	139	223	193	206	208	196	238	194	196	171	0	0	0	0	0	0	0	0	156	214	196	236	201	189	196	194	201	125	145	218	175	197	188	190	233	196	206	167	0	0	0	0	0	0	0	0	155	205	188	238	207	204	201	196	205	131	138	220	190	198	197	192	230	190	199	166	0	0	0	0	0	0	0	0	160	211	181	233	216	206	205	203	212	135	150	224	186	197	201	196	241	186	192	160	0	0	0	0	0	0	0	0	166	209	178	234	229	199	211	201	207	152	156	226	200	206	205	200	245	199	199	151	0	0	0	0	0	0	0	0	160	218	192	227	220	204	206	207	196	161	161	213	204	194	190	188	228	204	211	147	0	0	0	0	0	0	0	0	154	201	186	233	239	219	220	216	214	177	164	227	209	211	212	223	235	196	197	156	0	0	0	0	0	0	0	0	125	226	219	206	115	214	201	214	226	188	146	238	224	212	219	129	214	223	218	125	0	0	0	0	0	0	0	0	0	91	88	17	0	0	0	0	0	0	1	0	0	0	0	0	39	80	78	0	0	0	0	0
